"experiment_id","p_value","num_vars","num_goals"
1,0.61134553,5,3
1,0.24087484,5,3
1,0.61343849,5,3
1,0.34760126,5,3
1,0.55478007,5,3
2,0.97526717,1,24
3,0.16795152,5,4
3,0.46514606,5,4
3,0.6301924,5,4
3,0.36468905,5,4
3,0.7718755,5,4
4,0.11909759,1,1
5,0.86493409,1,3
6,6.6838305e-07,2,6
6,0.91664374,2,6
7,0.5672425,1,3
8,0.17105511,3,4
8,0.97802776,3,4
8,0.63149196,3,4
9,0.32909805,5,14
9,0.7019518,5,14
9,0.5895375,5,14
9,0.59429753,5,14
9,0.4632363,5,14
10,0.34862286,1,22
11,2.6011582e-16,2,1
11,2.6030213e-25,2,1
12,0.93618435,1,24
13,0.82535428,1,4
14,0.00028247829,3,12
14,0.3196559,3,12
14,0.00072802597,3,12
15,0.26710382,2,14
15,0.5063439,2,14
16,0.21055007,1,2
17,0.50510955,2,2
17,0.40758592,2,2
18,0.52069819,1,2
19,0.32439831,1,11
20,0.1397251,1,2
21,0.79984379,2,2
21,0.0029075076,2,2
22,0.25547451,4,8
22,0.21469039,4,8
22,0.085911281,4,8
22,0.48243216,4,8
23,0.25911236,2,14
23,0.25119767,2,14
24,0.18937545,1,3
25,0.69860411,1,8
26,2.2127199e-06,1,1
27,0.68711454,1,2
28,0.11143957,3,2
28,0.069499463,3,2
28,0.043885358,3,2
29,0.38767216,4,5
29,0.46599814,4,5
29,0.34519333,4,5
29,0.27495095,4,5
30,0.7823928,1,3
31,0.59602195,1,3
32,0.013989871,2,4
32,1.3456841e-10,2,4
33,0.92513603,1,2
34,0.94955754,2,3
34,0.48301765,2,3
35,0.064277969,1,1
36,0.47017407,2,3
36,0.7653814,2,3
37,0.25385651,3,4
37,0.066595159,3,4
37,0.010390575,3,4
38,0.37525427,2,3
38,0.59350806,2,3
39,0.83222568,1,1
40,8.1959193e-08,1,4
41,0.0088497857,1,2
42,0.011413976,3,2
42,0.0083972784,3,2
42,0.93256223,3,2
43,0.27283967,1,1
44,0.13334084,1,4
45,0.48214763,2,3
45,0.97302514,2,3
46,0.14924844,1,2
47,0.20448458,3,2
47,0.31751496,3,2
47,0.19228528,3,2
48,0.054364264,1,3
49,0.73661983,2,4
49,0.12328012,2,4
50,0.91061181,1,2
51,0.70744938,2,2
51,0.032140397,2,2
52,0,1,4
53,0.59060884,3,2
53,0.36628786,3,2
53,0.90634197,3,2
54,4.383222e-23,1,5
55,0.71323997,1,2
56,0.00052422925,1,2
57,0.24188256,3,5
57,0.039787963,3,5
57,0.30914399,3,5
58,0.066447698,5,4
58,0.92110753,5,4
58,0.66353452,5,4
59,0.47102168,4,2
59,0.30722496,4,2
59,0.74774384,4,2
59,0.24742569,4,2
60,0.79453021,1,20
61,0,2,13
61,0,2,13
62,0.92882109,1,2
63,0.95024282,1,2
64,0.4622823,1,6
65,0.4141424,1,2
66,0.46059525,2,2
67,0.35393217,1,10
68,0,2,5
68,0,2,5
69,0.16278063,1,2
70,0.78173196,2,3
70,0.86229849,2,3
71,0.010898067,1,7
72,0.69625241,1,6
73,0.48076856,3,4
73,0.9315176,3,4
73,0.27289239,3,4
74,0.70358843,1,2
75,0,1,3
76,0.1384477,1,2
77,0.46601248,1,3
78,0.67314059,1,1
79,0.38968828,3,5
79,0.60170484,3,5
79,0.52657813,3,5
80,0.59328282,1,3
81,0.98347676,1,4
82,0.85263526,1,4
83,0.16973084,1,2
84,0.86636257,1,1
85,0.74370235,4,2
85,0.65950191,4,2
85,8.8836256e-12,4,2
85,0.9933117,4,2
86,0.38791177,3,25
86,0.63850027,3,25
86,0.89457583,3,25
87,0.048223332,1,2
88,0.00028494382,1,2
89,0.42929062,1,3
90,0.69261092,1,6
91,0.77097702,1,2
92,0.56796515,1,2
93,0.15208469,2,5
93,0.12329703,2,5
94,0.43133521,2,4
94,0.6028493,2,4
95,0.31171644,3,1
95,0.20316656,3,1
95,0.36884496,3,1
96,0.17610767,1,5
97,0.2569125,3,4
97,0.62698352,3,4
97,0.83660239,3,4
98,0.50043702,3,9
98,0.0069732373,3,9
98,0.15540065,3,9
99,0,1,2
100,1.8706809e-09,2,1
100,0.00035876204,2,1
101,0.06654685,1,3
102,0.13154647,1,2
103,0.99286795,3,3
103,0.062791169,3,3
103,0.56494141,3,3
104,0.93873978,1,2
105,0.0072103431,3,6
105,0.77249241,3,6
105,0.012875428,3,6
106,0.34872538,5,1
106,0.32740486,5,1
106,0.67296302,5,1
106,0.47093114,5,1
106,0.15946315,5,1
107,0.20576426,7,6
107,0.11786119,7,6
107,0.52714598,7,6
107,0.93284231,7,6
107,0.21097152,7,6
107,0.96056223,7,6
107,0.36229479,7,6
108,0.70738304,6,1
108,0.84396452,6,1
108,0.29371735,6,1
108,0.4125213,6,1
108,0.32088009,6,1
108,0.14228295,6,1
109,0.66552943,4,2
109,0.0044542565,4,2
109,0.47829217,4,2
109,0.063132703,4,2
110,3.7371262e-07,1,2
111,0.73053312,3,5
111,2.2916719e-32,3,5
111,2.1474428e-23,3,5
112,0.85626078,1,3
113,0.00010437903,1,5
114,0.5106352,5,3
114,0.82241774,5,3
114,0.9698754,5,3
114,0.27187526,5,3
114,0.74549508,5,3
115,0.46260792,1,9
116,0.70476097,1,1
117,0.82642263,1,6
118,0.023611758,2,9
118,4.836e-08,2,9
119,0.2186784,1,2
120,0.0031663938,1,4
121,0.27312028,2,2
121,0.27974698,2,2
122,0.80363595,2,4
122,0.19705443,2,4
123,0.003461957,4,3
123,0.0055654412,4,3
123,0.012100051,4,3
123,0.001110705,4,3
124,0.35469767,3,4
124,7.8797082e-23,3,4
124,6.6384803e-10,3,4
125,0.039921343,2,9
125,0.73356658,2,9
126,0.012589472,1,1
127,0.24763595,1,2
128,0.49729449,4,2
128,0.1366521,4,2
128,0.43304363,4,2
128,0.20814745,4,2
129,0.96926516,11,2
129,0.88257313,11,2
129,0.22921026,11,2
129,0.71595693,11,2
129,0.27867493,11,2
129,0.065805502,11,2
129,0.41550851,11,2
129,0.54345202,11,2
129,0.41306981,11,2
129,0.71515226,11,2
129,0.4478471,11,2
130,0.72601396,3,2
130,0.88486934,3,2
130,0.50720316,3,2
131,0.03674328,2,3
131,0.9638626,2,3
132,0.052520704,2,9
132,0.32781631,2,9
133,0.017975381,2,3
133,0.21960102,2,3
134,0.44694731,5,2
134,0.66985011,5,2
134,0.49068341,5,2
134,0.26990634,5,2
134,0.42322171,5,2
135,0.52231228,3,4
135,0.25181037,3,4
135,0.36328518,3,4
136,0.31777656,1,3
137,0.36944938,1,1
138,0.017923491,7,2
138,0.00082092779,7,2
138,0,7,2
138,0.0034023742,7,2
138,0.0051851035,7,2
138,0.0011993941,7,2
139,0.89303404,1,3
140,0.68434268,1,3
141,0.44989967,3,4
141,0.0010837968,3,4
141,0.91410297,3,4
142,0.00012447911,1,5
143,0.00076206302,7,2
143,0.12566151,7,2
143,0.2974734,7,2
143,0.39338362,7,2
143,0.84045613,7,2
143,0.12698498,7,2
143,0.00042608031,7,2
144,0.45109481,2,4
144,0.99455136,2,4
145,0.82709759,1,2
146,0.76043105,1,10
147,0.39496568,1,2
148,0.7378363,3,11
148,0.99001271,3,11
148,0.30467659,3,11
149,0.74803114,2,3
149,0.70799577,2,3
150,0.00034364164,4,1
150,0.00011450172,4,1
150,0.9509691,4,1
150,0.00079503329,4,1
151,0.79541445,1,3
152,0.72852296,3,3
152,0.43767911,3,3
152,0.32123187,3,3
153,0.26242402,1,1
154,0.11509223,1,2
155,0.02658434,1,1
156,0.88389099,2,13
156,0.56880713,2,13
157,0.24746126,3,2
157,0.45297068,3,2
157,0.16941065,3,2
158,0.42272347,1,2
159,0.25289014,1,1
160,0.40982485,1,3
161,0.41894665,6,3
161,0.42182836,6,3
161,0.076878272,6,3
161,0.5069676,6,3
161,0.23718837,6,3
161,0.44547004,6,3
162,0.4561801,1,2
163,0.59875995,1,1
164,2.7723058e-11,3,8
164,0.18363772,3,8
164,3.2614574e-11,3,8
165,0.62785828,1,1
166,0.026103292,6,1
166,0.34621379,6,1
166,0.010445845,6,1
166,0.019948691,6,1
166,0.46242791,6,1
166,0.58898711,6,1
167,0.69043082,1,19
168,0.74064916,6,4
168,0.10001966,6,4
168,0.98581582,6,4
168,0.81857097,6,4
168,0.072635643,6,4
168,0.37657547,6,4
169,1.7830182e-31,2,1
169,0.33878136,2,1
170,0.21987404,3,6
170,0.33273911,3,6
170,0.24775083,3,6
171,0.68284279,2,2
171,0.86746967,2,2
172,0.37776077,1,2
173,0.48141718,1,2
174,0.49492025,1,1
175,0.45628092,1,2
176,0.32926202,1,3
177,0.7584613,1,1
178,0.0018937653,1,10
179,4.6723558e-09,1,2
180,3.5499301e-07,1,1
181,0.47524109,1,2
182,1.4505578e-06,3,12
182,1.9870651e-05,3,12
183,0.43263876,1,3
184,0.98692775,1,1
185,0.092257462,1,15
186,1.6572605e-35,5,3
186,0,5,3
186,0,5,3
186,0,5,3
186,0,5,3
187,0.89189589,1,2
188,0.9854185,3,1
188,0.35564184,3,1
188,0.69105536,3,1
189,0.15961869,1,4
190,0.22029839,1,6
191,0.20748524,5,13
191,0.87500203,5,13
191,0.57619089,5,13
191,0.99267626,5,13
191,0.86888826,5,13
192,0.18246639,4,3
192,0.042582188,4,3
192,0.611996,4,3
192,0.4432981,4,3
193,0.74414295,1,3
194,0.75663841,1,3
195,0.83002436,3,2
195,0.00015061795,3,2
195,0.27127877,3,2
196,0.22316955,1,1
197,0.33346462,1,3
198,0.16271606,1,4
199,0.54124296,1,6
200,0.093732849,5,7
200,0.036108661,5,7
200,0.49840686,5,7
200,0.24473467,5,7
200,0.00013520458,5,7
201,0.51247966,1,3
202,0.59763879,1,1
203,0.18554506,3,6
203,0.36788997,3,6
203,0.43909457,3,6
204,0.73134363,1,3
205,0.83501399,1,3
206,0.39563736,2,50
206,0.11400973,2,50
207,0.27290908,1,2
208,0.085202649,1,6
209,0.12434188,7,6
209,0.5684008,7,6
209,0.38693908,7,6
209,0.062518902,7,6
209,0.97974861,7,6
209,0.71666539,7,6
209,0.72290456,7,6
210,0.19322197,1,3
211,0.085799366,1,2
212,0.010855313,1,2
213,0.12352405,1,2
214,0.96247816,3,2
214,0.13781779,3,2
214,0.63043135,3,2
215,0.42086127,1,4
216,0.78073812,1,2
217,0.88753814,4,7
217,0.19426502,4,7
217,0.51848048,4,7
217,0.50322849,4,7
218,0.010802018,1,6
219,0.68948066,1,4
220,0.15786515,3,2
220,0.3064644,3,2
220,0.76349622,3,2
221,0.00041099516,1,1
222,0.14547655,1,3
223,0.70048827,2,3
223,0.61851567,2,3
224,0.76104647,2,2
224,0.097831152,2,2
225,0.10223781,1,3
226,0.77689314,1,3
227,0.11560245,1,4
228,0.71669745,1,9
229,0.38742694,1,9
230,0.017241275,1,2
231,0.87194741,1,1
232,0.97747707,1,1
233,0.23306133,1,3
234,0.35445085,1,2
235,0.45572844,1,3
236,0.53828257,1,5
237,0.71742958,1,2
238,0.026918311,2,2
238,0.18786202,2,2
239,0.074488692,1,2
240,0.33255309,1,5
241,0.24412653,2,8
241,0.99081528,2,8
242,0.29273805,1,1
243,0.00056464545,2,16
243,0.070435464,2,16
244,2.1346457e-08,1,13
245,0.029419921,1,2
246,0.26219881,1,1
247,0.1423241,2,3
247,0.36718252,2,3
248,0.53185362,1,6
249,0.35429472,1,1
250,0.8449049,1,3
251,0.77720886,1,2
252,0.15036812,1,3
253,0.041167539,6,1
253,0.016826428,6,1
253,0.22868916,6,1
253,0.067126296,6,1
253,0.87517649,6,1
253,0.23439237,6,1
254,0.83899742,1,2
255,0.70540941,4,3
255,0.6134218,4,3
255,0.47686914,4,3
255,0.94623971,4,3
256,0.87512523,1,6
257,1.520589e-05,1,2
258,1.587944e-11,2,3
258,9.7443837e-05,2,3
259,0.21012644,2,6
260,0.19822145,1,3
261,0.58812606,2,1
261,0.49927852,2,1
262,0.38450193,1,3
263,0,2,1
263,0,2,1
264,0.81315351,1,3
265,0.65996873,1,4
266,0.73561412,2,6
266,0.69214433,2,6
267,0.91476554,1,3
268,0.0431371,1,2
269,0.017506227,1,1
270,0.69952559,1,6
271,0.42386606,1,2
272,0.00040641509,3,2
272,0.96058714,3,2
272,1.6385868e-21,3,2
273,0.7767114,3,6
273,0.93838567,3,6
273,0.98947763,3,6
274,0.0048395363,1,1
275,0.63257295,2,4
275,0.20867631,2,4
276,1.1441338e-22,1,7
277,9.215285e-06,2,1
277,0.0018767751,2,1
278,0.034677513,2,2
278,0.66949219,2,2
279,0.59793174,5,1
279,0.35935706,5,1
279,0.77261668,5,1
279,0.26718667,5,1
279,0.86121571,5,1
280,5.8675643e-05,5,3
280,0.032398947,5,3
280,0.06248603,5,3
280,0.0001187247,5,3
280,0.00014032199,5,3
281,0.31546053,1,3
282,4.8268532e-07,9,2
282,0.14409785,9,2
282,0.0028842543,9,2
282,8.4802269e-14,9,2
282,0.03397892,9,2
282,2.628831e-05,9,2
282,0.0023227073,9,2
282,0.00013738012,9,2
282,4.3192317e-06,9,2
283,0.075437166,1,2
284,0.39199954,1,2
285,0.12683888,2,2
285,0.071051322,2,2
286,0.77188849,2,6
286,0.0020801772,2,6
287,0.32542554,3,6
287,0.71156877,3,6
287,0.70382607,3,6
288,2.2451448e-05,4,2
288,0.077516675,4,2
288,0.001831164,4,2
288,4.1573643e-05,4,2
289,0.55594105,1,2
290,0.0084314812,15,2
290,0.17427874,15,2
290,0.26135072,15,2
290,0.20823003,15,2
290,0.1156715,15,2
290,0.18333608,15,2
290,0.086380087,15,2
290,0.9991166,15,2
290,0.083498791,15,2
290,0.87507379,15,2
290,0.067706436,15,2
290,0.20014526,15,2
290,0.21153423,15,2
290,0.25912422,15,2
290,0.48325026,15,2
291,0.025007013,1,7
292,0.56994599,3,1
292,0.45604488,3,1
292,0.7541256,3,1
293,0.31410953,1,4
294,0.010607015,2,1
294,0.20831972,2,1
295,2.0927516e-37,1,2
296,0.88769585,4,13
296,0.78980321,4,13
296,0.13454843,4,13
296,0.69798398,4,13
297,0.53528148,5,3
297,0.75702125,5,3
297,0.47840723,5,3
297,0.74049568,5,3
297,0.79498625,5,3
298,0.0096953176,7,2
298,0.395722,7,2
298,0.26415646,7,2
298,0.036230568,7,2
298,0.14175214,7,2
298,0.058602225,7,2
298,0.10392312,7,2
299,0.65999717,1,14
300,0.8258177,3,2
300,0.033491258,3,2
300,0.045157075,3,2
301,0.81324232,1,1
302,0.1914182,1,2
303,4.356426e-06,4,1
303,0.011778031,4,1
303,1.84242e-05,4,1
303,0.00019080902,4,1
304,0.16253759,1,4
305,0.0065314397,1,3
306,0.01914263,2,6
306,0.0028115879,2,6
307,0.11227562,1,2
308,0.47359771,1,2
309,0.39001507,2,4
309,0.15523165,2,4
310,0.033436265,1,3
311,0.17681764,1,1
312,0.45117432,11,2
312,0.54426259,11,2
312,0.65431023,11,2
312,0.021368362,11,2
312,0.19498605,11,2
312,0.8054598,11,2
312,0.23977689,11,2
312,0.21560976,11,2
312,0.44659474,11,2
312,0.66128409,11,2
313,3.8835888e-06,1,1
314,0.47080386,2,3
314,0.40265134,2,3
315,0.86279595,1,4
316,0.056135889,1,3
317,0.13938728,3,1
317,0.024544181,3,1
317,0.018546714,3,1
318,0.58433229,2,4
318,0.54484147,2,4
319,0.90972704,1,2
320,0.94724739,1,2
321,0.15871453,2,5
321,0.86812299,2,5
322,0.44455239,1,2
323,0,1,20
324,0.22881183,2,2
324,0.38694093,2,2
325,0.005522626,2,2
325,0.00053663924,2,2
326,0.75281179,1,3
327,0.89871824,1,3
328,0.73011535,1,3
329,0.8590191,3,16
329,0.51283509,3,16
329,0.74829435,3,16
330,0.50616473,1,3
331,7.1717368e-05,2,1
331,0.98115736,2,1
332,0.029852863,1,3
333,0.43248239,1,2
334,0.011213268,1,1
335,0.35760596,1,1
336,0.16376233,4,5
336,0.39501926,4,5
336,0.099572614,4,5
336,0.50979447,4,5
337,0.44598156,3,7
337,0.76606429,3,7
337,0.4557232,3,7
338,0.11269768,1,5
339,8.677796e-05,1,4
340,0.016790651,4,2
340,0.00067272049,4,2
340,0.002876508,4,2
340,0.040777344,4,2
341,9.8217475e-05,1,2
342,0.028556081,6,6
342,0.0089861769,6,6
342,0.29120263,6,6
342,0.7834323,6,6
342,0.38246912,6,6
342,0.054502588,6,6
343,0.40668988,1,1
344,0.55127203,1,1
345,0.00099603157,1,1
346,0.52996391,1,2
347,0.026701296,2,1
347,0.2493834,2,1
348,0.59301835,1,1
349,0.1199567,1,6
350,0.95057863,3,2
350,0.71088094,3,2
350,0.60542625,3,2
351,0.61908895,1,3
352,0.33832705,1,3
353,0.4038862,3,3
353,0.18044727,3,3
353,0.28984582,3,3
354,0.037636597,2,2
355,0.65923065,1,2
356,0.97999197,3,1
356,0.83713168,3,1
357,0.86088562,4,46
357,0.15151349,4,46
357,0.58798867,4,46
357,0.42586675,4,46
358,0.39074975,1,2
359,0.83160919,2,11
359,0.63597804,2,11
360,0.35790673,1,5
361,0.020332087,1,3
362,0.25269488,1,2
363,0.54902261,1,2
364,0.10537173,2,1
364,0.058661554,2,1
365,0.26106554,1,1
366,0.025877802,1,3
367,0.036078304,4,10
367,0.028037664,4,10
367,0.016219733,4,10
367,0.0032823794,4,10
368,0.95091534,1,7
369,2.6698867e-08,3,6
369,0.38563815,3,6
369,2.5640531e-05,3,6
370,0.0090813329,1,6
371,0.004622764,1,1
372,0.046498183,1,5
373,0.37277621,1,6
374,2.0370167e-32,1,3
375,0.09340886,11,5
375,0.17984837,11,5
375,0.20823586,11,5
375,0.62288594,11,5
375,0.067042671,11,5
375,0.2329964,11,5
375,0.10418453,11,5
375,0.029679842,11,5
375,0.22710299,11,5
375,0.19779432,11,5
375,0.57937825,11,5
376,0.74516886,1,2
377,0.49615008,2,3
377,0.51702148,2,3
378,0.23010422,1,16
379,0.43661925,1,2
380,0.72183216,1,3
381,0.47410315,1,7
382,3.1065406e-17,1,4
383,4.4846826e-16,2,4
383,3.2624007e-18,2,4
384,0.00065782678,1,2
385,0.28769699,1,2
386,0.43686482,9,4
386,0.56442267,9,4
386,0.87430441,9,4
386,0.13601683,9,4
386,0.46736917,9,4
386,0.81848842,9,4
386,0.17908034,9,4
386,0.29088691,9,4
386,0.42633018,9,4
387,0.96662551,1,1
388,0.11387581,2,47
388,0.35855952,2,47
389,0.73244745,1,4
390,0.45195168,2,3
390,0.19995752,2,3
391,0.92239577,1,3
392,0.68798667,1,3
393,0.6083672,2,2
393,0.39286917,2,2
394,0.31417316,1,2
395,0.019193731,1,4
396,0.4072575,2,2
396,0.19629331,2,2
397,0.061582644,2,2
397,0.025222553,2,2
398,0.89671946,3,3
398,0.3867473,3,3
398,0.74611747,3,3
399,0.079936132,2,1
399,0.079578839,2,1
400,0.41277888,1,1
401,0.39394665,1,4
402,0.767591,3,3
402,0.26379111,3,3
402,0.65825903,3,3
403,0.013513537,1,5
404,0.12510148,1,6
405,0.31696644,4,4
405,0.35480264,4,4
405,0.11808449,4,4
405,0.28042588,4,4
406,0.65261692,1,7
407,0.78528827,5,4
407,0.17139313,5,4
407,0.55961901,5,4
407,0.48699164,5,4
407,0.64872825,5,4
408,0.19584517,2,7
408,0.069019586,2,7
409,0.67332411,1,2
410,0.00010898792,2,6
410,0.014588199,2,6
411,0.48524338,1,4
412,0.67752528,1,7
413,0.026058702,5,2
413,0.70906758,5,2
413,0.93916953,5,2
413,0.55477864,5,2
413,0.17176431,5,2
414,0.28874001,2,8
414,0.42053536,2,8
415,0.086352848,2,11
415,0.49342647,2,11
416,0.078745455,4,4
416,0.90343028,4,4
416,0.81636804,4,4
416,0.96187097,4,4
417,3.0355603e-05,2,3
417,0.053344008,2,3
418,6.1564054e-18,1,2
419,0.1321962,1,4
420,0.83019274,2,2
420,0.34697923,2,2
421,0.038491931,1,3
422,0.168338,5,2
422,0.26764557,5,2
422,0.69665426,5,2
423,0.69957125,1,1
424,0.77314496,1,1
425,0.99222243,2,1
425,0.13328663,2,1
426,1.7407044e-24,1,16
427,0.70320177,1,1
428,0.99577922,3,3
429,0.49767151,1,2
430,0.10665461,7,10
430,0.88999146,7,10
430,0.3000147,7,10
430,0.32969424,7,10
430,0.10082866,7,10
430,0.028224133,7,10
430,0.27583504,7,10
431,0.69862956,2,2
431,0.54860812,2,2
432,0.1742361,1,1
433,0.52564967,1,6
434,0.76670641,1,1
435,0.44017631,1,2
436,0.73022527,1,2
437,0.023677344,1,3
438,0.35259616,1,4
439,0.44120228,2,2
439,0.29998124,2,2
440,0.30901539,1,3
441,4.378731e-10,1,5
442,0.37628508,1,4
443,0.38438669,1,2
444,0.8966589,1,2
445,0.5426439,1,2
446,0.72262055,1,3
447,0.26188445,1,3
448,0.12970307,1,2
449,0.24810044,1,6
450,0.60143375,1,2
451,0.090853408,1,3
452,0.62232739,2,2
452,0.095525965,2,2
453,0.084025197,1,3
454,0.3077755,1,2
455,0.33505619,6,5
455,0.57352859,6,5
455,0.75355321,6,5
455,0.95814532,6,5
455,0.17779276,6,5
455,0.30737936,6,5
456,0.44728211,2,3
456,0.3773706,2,3
457,0.752765,1,1
458,0.50822467,1,3
459,0.90694678,1,3
460,0.044805087,1,6
461,0.16353099,1,9
462,0.01821707,1,9
463,0.63354397,1,3
464,0.17331819,1,4
465,1.7456363e-27,2,6
465,1.5059377e-32,2,6
466,0.72683191,2,1
466,0.15931901,2,1
467,0.17289659,2,2
467,0.45555449,2,2
468,0.76121128,1,2
469,0.44679058,1,4
470,0.16606972,1,6
471,0.25763005,1,1
472,0.31560239,1,3
473,0.39659262,2,6
473,0.76078516,2,6
474,0.52043164,2,9
474,0.11317506,2,9
475,0.039283041,64,6
475,0.011475569,64,6
475,0.28298333,64,6
475,0.32994252,64,6
475,0.010892203,64,6
475,0.29662225,64,6
475,0.21362302,64,6
475,0.010222292,64,6
475,0.058111422,64,6
475,0.74084979,64,6
475,0.024005037,64,6
475,0.80279148,64,6
475,0.050045911,64,6
475,0.079501443,64,6
475,0.7648775,64,6
475,0.092014417,64,6
475,0.0034537578,64,6
475,0.1557083,64,6
475,0.058082741,64,6
475,0.030107008,64,6
475,0.0049537327,64,6
475,0.12058832,64,6
475,0.20792755,64,6
475,0.00055755919,64,6
475,0.0036072952,64,6
475,0.056883108,64,6
475,0.0016469229,64,6
475,0.012614289,64,6
475,0.075997129,64,6
475,0.1239065,64,6
475,0.025135566,64,6
475,0.019839674,64,6
475,0.39062741,64,6
475,0.0043789688,64,6
475,0.006241573,64,6
475,0.018601514,64,6
475,0.11799331,64,6
475,0.0020068951,64,6
475,0.20585206,64,6
475,0.28298333,64,6
475,0.1176665,64,6
475,0.20585206,64,6
475,0.34006107,64,6
475,0.38809913,64,6
475,0.011614171,64,6
475,0.54626894,64,6
475,0.68306494,64,6
475,0.10119999,64,6
475,0.10328106,64,6
475,0.047636162,64,6
475,0.0022939881,64,6
475,0.0017300617,64,6
475,0.0044745202,64,6
475,0.68543148,64,6
475,0.0004476794,64,6
475,0.33365461,64,6
475,0.25512844,64,6
475,0.58309877,64,6
475,0.066354632,64,6
476,0.25863329,3,2
476,0.93876171,3,2
476,0.73886293,3,2
477,0.22357532,2,33
477,0.60082918,2,33
478,0.071290039,1,6
479,0.13879019,1,1
480,0.32201523,2,2
480,0.45604518,2,2
481,0.6443761,7,1
481,0.62317127,7,1
481,0.1118603,7,1
481,0.06873244,7,1
481,0.65149617,7,1
481,0.29864109,7,1
481,0.12073882,7,1
482,0.060291655,1,12
483,0.4637163,1,2
484,0.69139647,1,2
485,3.7374881e-05,1,6
486,0.52264577,3,2
486,0.74872559,3,2
487,0.23863393,1,2
488,0.81664163,1,1
489,0.43706068,1,5
490,0.1150891,2,9
490,0.42683265,2,9
491,0.95152009,4,3
491,0.022907611,4,3
491,0.45230576,4,3
491,0.51983321,4,3
492,0.31891239,2,12
492,0.40724644,2,12
493,0.4460856,2,4
493,0.87408775,2,4
494,0.35834661,2,2
495,0.18858741,2,2
495,0.25589305,2,2
496,2.6578805e-35,1,4
497,0.63689369,1,7
498,0.25959858,1,2
499,1.1466433e-11,1,4
500,0.44541144,1,3
501,0.61524403,2,3
501,0.55051172,2,3
502,0.6075145,1,2
503,0.56920165,2,2
503,0.56920165,2,2
504,0.56206805,3,3
504,0.05163341,3,3
504,0.04956061,3,3
505,0.78754151,1,2
506,0.8604871,5,2
506,0.88726515,5,2
506,0.8091355,5,2
506,0.37077641,5,2
506,0.2794202,5,2
507,0.0021073148,1,1
508,0.44369495,1,3
509,0.0034136255,3,4
509,0.027257642,3,4
509,0.82596999,3,4
510,0.43660435,1,2
511,0.29753742,1,2
512,0.40633592,1,3
513,0.06742651,1,2
514,0.19448973,1,5
515,0.63031811,2,13
515,0.6326527,2,13
516,0.75279117,1,2
517,0.5115841,1,3
518,0.99729604,5,3
518,0.15644628,5,3
518,0.091208443,5,3
518,0.3443214,5,3
518,0.31996638,5,3
519,0.14387663,1,1
520,0.013653639,1,2
521,0.41627878,1,10
522,1.5255799e-09,1,19
523,0.17691933,7,9
523,0.065454021,7,9
523,0.11365969,7,9
523,0.096559741,7,9
523,0.44736338,7,9
523,0.00093194324,7,9
523,0.34241927,7,9
524,7.7755701e-20,1,3
525,0.097627364,2,4
525,0.22225687,2,4
526,0.77307338,1,2
527,0.19712853,1,2
528,0.56524259,1,6
529,0.11580205,2,16
529,0.27154711,2,16
530,0.92400336,3,23
530,0.29418936,3,23
530,0.65539002,3,23
531,0.305224,2,2
531,0.097962521,2,2
532,0.64902574,2,3
532,0.48705441,2,3
533,0.0036056496,1,4
534,0.00027266494,1,2
535,0.036681786,2,3
535,0.22805542,2,3
536,0.32301888,1,3
537,0.9134981,1,2
538,0.68884104,2,14
539,0.040029936,1,2
540,0.16732737,1,3
541,0.37380165,1,2
542,0.072982743,2,1
542,0.097797066,2,1
543,0.35951987,2,12
543,0.94918412,2,12
544,0.84599739,2,1
544,0.58641845,2,1
545,0.49816862,3,3
545,0.67695838,3,3
545,0.33318463,3,3
546,0.088421293,2,2
546,0.62024844,2,2
547,0.95807123,1,3
548,0.35589465,1,2
549,0.011630492,1,4
550,0.48468313,1,2
551,0.23087105,2,3
551,0.57061452,2,3
552,0.39241487,1,1
553,0.26719195,1,3
554,0.062383961,1,4
555,0.026519565,1,2
556,0.090875246,15,1
556,0.78385717,15,1
556,0.29300529,15,1
556,0.085810937,15,1
556,0.25297678,15,1
556,0.29461566,15,1
556,0.54302883,15,1
556,0.096664496,15,1
556,0.19664404,15,1
556,0.26674473,15,1
556,0.92936826,15,1
556,0.93395436,15,1
556,0.086556233,15,1
556,0.021901816,15,1
556,0.15054463,15,1
557,9.8996353e-11,1,15
558,0.8481431,2,12
558,0.049482763,2,12
559,0.86007726,2,2
559,0.32229254,2,2
560,0.229442,3,3
561,0.33819094,1,4
562,2.639676e-10,1,5
563,0.40745398,2,13
563,0.78675282,2,13
564,0.56646895,1,5
565,0.85295802,1,2
566,0.26633057,1,2
567,0.00070943747,1,4
568,0.11873156,1,6
569,0.88507438,1,2
570,0.38458008,5,2
570,0.39675096,5,2
570,0.87235147,5,2
570,0.9534809,5,2
570,0.83388448,5,2
571,0.5405001,1,18
572,0.020288138,5,3
572,0.85152823,5,3
572,0.18388577,5,3
572,0.25094122,5,3
572,0.48625797,5,3
573,0.082038835,1,3
574,0.36328831,1,2
575,0.45529926,1,2
576,0.0089653945,1,2
577,0.023143001,1,2
578,0.84154934,3,2
578,0.86943525,3,2
578,0.44477892,3,2
579,0.10914404,1,1
580,0.33091393,1,4
581,0.54704481,1,2
582,0.39000145,1,4
583,0.50287306,1,2
584,0.10215215,1,2
585,0.62132818,1,9
586,0.0010391707,4,1
586,3.1622125e-13,4,1
586,7.186311e-12,4,1
586,1.4522011e-13,4,1
587,0.15025941,1,2
588,0.87258732,1,2
589,0.00014634227,1,3
590,0.15293315,2,2
590,0.8645767,2,2
591,0.00056695711,1,1
592,0.049326561,2,3
592,0.2300204,2,3
593,0.16111189,2,2
593,0.21160662,2,2
594,3.8510397e-14,4,7
594,4.8445384e-18,4,7
594,1.9073543e-10,4,7
594,0.00044101055,4,7
595,0.25394517,1,2
596,0.30529988,2,17
596,0.56458187,2,17
597,0.6639117,1,3
598,0.84614652,2,2
598,0.15673372,2,2
599,0.20185477,1,1
600,0.8146295,1,1
601,0.58658117,2,2
601,0.89481795,2,2
602,0.047090422,1,4
603,0.17801084,1,4
604,0.35098472,1,1
605,0.74692136,2,2
605,0.70141327,2,2
606,0.011227736,1,2
607,0.51174438,2,7
607,0.9523555,2,7
608,0.87777704,2,2
608,0.30147356,2,2
609,0.23343891,1,3
610,0.20900498,1,2
611,0.78729272,3,5
611,0.50274783,3,5
611,0.20322044,3,5
612,0.020906486,1,2
613,0.0032185896,1,6
614,0.41713694,4,3
614,0.44720194,4,3
614,0.91072881,4,3
614,0.42277128,4,3
615,0.69701272,1,2
616,0.69164878,1,2
617,0.49270698,1,4
618,0.94160026,1,3
619,0.30512515,1,2
620,0.41261485,1,4
621,1.2744556e-15,1,3
622,0.65006548,1,3
623,0.59038121,2,3
623,0.13860424,2,3
624,0.88886869,3,12
624,0.80186558,3,12
624,0.93774956,3,12
625,0.044115532,1,1
626,0.90135443,1,2
627,0.092590213,1,2
628,0.10650253,1,2
629,1.9083447e-38,6,7
629,6.0164431e-33,6,7
629,0,6,7
629,5.5156622e-24,6,7
629,3.9664056e-37,6,7
629,1.3833515e-29,6,7
630,0.88105142,1,3
631,0.24072951,1,4
632,0.91050756,1,5
633,0.0020465332,1,2
634,0.57567024,1,3
635,0.25640103,1,4
636,0.83840513,1,2
637,0.75824875,4,2
637,0.7859602,4,2
637,0.35822383,4,2
637,0.65121287,4,2
638,0.013074998,1,4
639,0.12188514,15,2
639,0.66730452,15,2
639,0.44923732,15,2
639,0.33775082,15,2
639,0.48711804,15,2
639,0.53845298,15,2
639,0.82578808,15,2
639,0.74562597,15,2
639,0.33716151,15,2
639,0.031367514,15,2
639,0.87678635,15,2
639,0.9225378,15,2
639,0.90914625,15,2
639,0.68203264,15,2
639,0.27374664,15,2
640,0.15119861,1,1
641,0.82923096,2,3
641,0.022895657,2,3
642,0.25092304,1,4
643,0.32075462,1,3
644,0.10975785,2,1
644,0.44572589,2,1
645,0.20711245,3,4
645,0.68851608,3,4
645,0,3,4
646,0.54021913,1,2
647,0.010438135,1,3
648,0.49924067,1,2
649,0.80973798,1,6
650,0.17857733,2,8
650,0.63747585,2,8
651,0.055704162,1,2
652,0.50897849,2,2
652,0.17907946,2,2
653,0.00093939423,1,1
654,0.85528398,1,1
655,3.1288976e-06,1,10
656,0.25847483,1,4
657,0.28061357,1,1
658,0.064826295,2,2
658,0.70333868,2,2
659,0.86623859,1,1
660,0.89860237,2,2
660,0.78548157,2,2
661,0.25817189,1,3
662,0.35975829,1,45
663,0.00053488027,1,7
664,1.5743645e-07,1,2
665,0.69359607,2,2
665,0.26882231,2,2
666,0.062645361,7,4
666,0.18723468,7,4
666,0.16376832,7,4
666,0.059134968,7,4
666,0.65715873,7,4
666,0.059400022,7,4
666,0.30319998,7,4
667,0.36559784,2,14
667,0.24343346,2,14
668,0.12992524,4,2
668,2.6541221e-07,4,2
668,0.0016047622,4,2
668,0.00069621071,4,2
669,0.28748015,2,4
669,0.95350969,2,4
670,0.066914447,3,3
670,0.20271681,3,3
670,0.004149917,3,3
671,0.34044746,2,3
671,0.80310208,2,3
672,0.025724469,2,2
672,0.072635837,2,2
673,0.92138779,6,7
673,0.55457062,6,7
673,0.98757553,6,7
673,0.75941736,6,7
673,0.82460952,6,7
673,0.6367569,6,7
674,0.8340463,1,8
675,0.44333935,3,1
675,0.49320006,3,1
675,0.64032441,3,1
676,0.32319516,1,9
677,0.76996392,1,1
678,0.46170232,2,2
678,0,2,2
679,0.85938174,1,2
680,0.56676459,2,1
680,0.64204943,2,1
681,0.85422355,1,2
682,0.75971991,1,3
683,0.923087,1,2
684,0.22952032,1,3
685,0.13805948,1,3
686,0.033834316,1,3
687,0.65419155,1,3
688,0.79281747,3,5
688,0.95339763,3,5
688,0.74698555,3,5
689,0.00050121435,1,1
690,0.90105528,3,4
690,5.2612455e-14,3,4
690,0.50906247,3,4
691,0.8642621,1,2
692,0.63520485,5,5
692,5.9217025e-13,5,5
692,1.085415e-09,5,5
692,0.37357938,5,5
692,0.92016917,5,5
693,0.75697094,1,2
694,0.96722734,1,6
695,0.5738427,1,1
696,0.89606869,2,1
696,0.63131535,2,1
697,0.39370948,1,4
698,0.033420492,4,3
698,0.26218012,4,3
698,0.69587773,4,3
698,0.89752173,4,3
699,0.5810678,1,2
700,2.9465079e-06,3,2
700,7.2457254e-07,3,2
700,0.367475,3,2
701,0.40588462,1,2
702,0.56249428,2,13
702,0.17796326,2,13
703,0.59509236,2,12
703,0.0086016217,2,12
704,0.62142706,2,1
704,0.67706174,2,1
705,0.045125488,1,12
706,0.93139786,1,12
707,0.85806364,1,1
708,0.036287591,1,11
709,0.83071101,2,3
709,0.99481636,2,3
710,0.61958623,2,5
710,0.62040454,2,5
711,0.6611113,1,2
712,0.18764277,1,7
713,0.00058225851,1,1
714,0.31783101,1,3
715,0.15406878,2,2
715,0.012186958,2,2
716,0.91647744,1,1
717,0.99918354,1,1
718,0.87290019,1,2
719,0.71236372,1,1
720,0.00046025042,3,9
720,0.013290472,3,9
720,0.0064227483,3,9
721,0.22254039,2,1
721,0.73442423,2,1
722,0.4331474,2,4
722,0.75691867,2,4
723,0.6934737,1,3
724,0.003246963,1,3
725,0.99315625,1,4
726,0.31534284,1,3
727,0.02501666,4,1
727,0.0064537497,4,1
727,0.00097891397,4,1
727,0.54610872,4,1
728,0.89384985,1,2
729,0.26371872,2,8
729,0.49577764,2,8
730,0.0066839661,2,9
730,9.4184994e-05,2,9
731,0.81036609,3,7
731,3.5153594e-08,3,7
731,0.00029827218,3,7
732,0.49073666,5,6
732,0.74536598,5,6
732,0.95134205,5,6
732,0.64075726,5,6
732,0.26334369,5,6
733,0.9457773,1,3
734,0.009131968,2,3
734,0.026049746,2,3
735,0.072311223,2,4
736,0.17590488,1,4
737,0.56954169,2,2
737,0.026899384,2,2
738,0.43692189,1,2
739,0.3696157,1,6
740,0.487102,2,4
740,0.73650366,2,4
741,6.9353148e-11,1,2
742,0.96863949,2,22
742,0.418194,2,22
743,0.99219555,1,2
744,0.99361527,2,2
744,0.49560565,2,2
745,0.97339362,1,2
746,0.2086653,1,6
747,0.60249949,1,3
748,0.071840353,1,2
749,0.74618983,1,1
750,0.9735629,1,3
751,0.13316661,2,1
751,0.021735566,2,1
752,0.33681309,1,6
753,0.85645622,1,2
754,0,1,4
755,0.02783451,3,8
755,0.96560651,3,8
755,0.14942892,3,8
756,0.28111428,1,2
757,0.27901947,2,5
757,4.2640113e-05,2,5
758,0.0035010548,1,3
759,0.85268134,1,9
760,2.2871632e-38,2,2
760,0,2,2
761,0.5134427,2,1
761,0.8252067,2,1
762,0.039684214,1,16
763,0.20447753,1,1
764,0.97485614,2,1
764,0.68192869,2,1
765,0.25171322,1,3
766,0.17196293,1,1
767,0.95708847,1,12
768,0,1,3
769,0.08963152,2,6
769,0.20495841,2,6
770,0.68606359,1,3
771,0.058234069,2,5
772,0.91971523,1,3
773,0.90576631,5,3
773,0.29397532,5,3
773,5.2502003e-10,5,3
773,0.87358004,5,3
773,0.45174584,5,3
774,0.62748349,1,2
775,0.70155883,1,7
776,0.72166187,1,5
777,0.085703537,1,1
778,0.43840173,1,6
779,0.027098028,2,12
779,0.26472318,2,12
780,0.17939772,1,4
781,0.21454439,1,4
782,0.002484191,1,7
783,0.060151357,2,2
783,0.9896968,2,2
784,0.20993212,2,3
784,0.16433889,2,3
785,0.27594623,2,1
785,0.76701933,2,1
786,0.88999516,2,4
786,0.84003615,2,4
787,0.089623429,3,11
787,0.16225497,3,11
787,0.044486329,3,11
788,0.27631336,1,4
789,0,3,5
789,0,3,5
789,0,3,5
790,9.9835826e-15,2,4
790,0.0059051593,2,4
791,0.82510746,2,2
791,0.22162676,2,2
792,0.37669528,3,2
792,0.31641355,3,2
792,0.2165243,3,2
793,0.43309149,1,6
794,0.89610738,1,4
795,0.90433359,4,11
795,0.37553054,4,11
795,0.91525102,4,11
796,0.27393079,3,3
796,0.93046772,3,3
796,0.34827653,3,3
797,0.34442109,1,4
798,1.3610387e-18,1,2
799,0.14285278,1,2
800,0.98195755,1,2
801,0.57838988,1,3
802,0.78608888,1,1
803,0.68476337,1,2
804,0.65346372,2,3
804,0.46758598,2,3
805,0.00013626747,1,3
806,0.2179918,1,2
807,0.81871533,1,3
808,0.20830576,1,4
809,0.212272,1,8
810,0.67347008,1,3
811,0.10518673,2,9
811,0.49580982,2,9
812,0.0061556008,1,3
813,0.39095551,1,3
814,0.33461279,3,4
814,0.18689539,3,4
814,0.0051288353,3,4
815,0.74139142,1,5
816,0.13011526,1,7
817,0.23147897,3,2
817,0.98400784,3,2
817,0.76136988,3,2
818,0.025052452,2,1
818,0.059316207,2,1
819,0.25676242,3,2
819,0.68741363,3,2
819,0.72516739,3,2
820,0.49500743,2,1
820,0.73371208,2,1
821,0.21670941,2,5
821,1.9278726e-11,2,5
822,0.16676866,1,4
823,0.72685194,1,2
824,0.29664442,2,2
824,0.79680121,2,2
825,0.70520544,1,1
826,0.74532598,1,4
827,0.00025716217,1,2
828,0.72236764,1,2
829,0.4231436,1,6
830,0.12777822,1,1
831,0.13473555,4,1
831,0.62464178,4,1
831,0.032051723,4,1
831,0.1805446,4,1
832,0.39672258,1,4
833,0.45701456,2,4
833,0.44547752,2,4
834,0.4606919,1,2
835,0.57729453,1,2
836,0.15420891,1,2
837,0.22049716,1,1
838,0.6043328,15,2
838,0.27075362,15,2
838,0.83391023,15,2
838,0.65748304,15,2
838,0.55413574,15,2
838,0.49602669,15,2
838,0.5058701,15,2
838,0.010841258,15,2
838,0.76752907,15,2
838,0.10844627,15,2
838,0.37252283,15,2
838,0.8080551,15,2
838,0.94075149,15,2
838,0.72227859,15,2
838,0.18088298,15,2
839,0.44049695,1,2
840,0.2223459,1,1
841,0.54102212,1,2
842,0.96276361,4,12
842,0.10221669,4,12
842,0.88288462,4,12
843,0.99509454,2,3
843,0.3502253,2,3
844,0.40762937,1,4
845,0.45523125,1,6
846,0.65460026,5,5
846,0.30595323,5,5
846,0.48454705,5,5
846,0.9870649,5,5
846,0.68966931,5,5
847,0.0025312374,1,1
848,0.6436615,1,2
849,0.29385075,5,1
849,4.0848081e-05,5,1
849,0.020774541,5,1
849,0.16788609,5,1
849,0.77168024,5,1
850,0.23103651,1,3
851,0.53397936,1,3
852,0.4530212,1,3
853,0.69595188,1,3
854,0.24027576,1,3
855,0.52120024,2,1
855,0.41553059,2,1
856,0.042017441,1,6
857,0.22500034,2,3
857,0.25775987,2,3
858,0.022131074,11,2
858,0.36882165,11,2
858,0.00039984344,11,2
858,0.28088772,11,2
858,0.23256998,11,2
859,0.7865454,1,2
860,0.037875414,1,14
861,0.077879623,1,3
862,0.018989818,1,4
863,0.018225528,1,4
864,0.43720177,1,5
865,0.066841945,1,3
866,0.87205398,1,5
867,0.41034308,2,2
867,0.67638493,2,2
868,0.08222837,3,5
868,1.3555028e-08,3,5
868,0.47914445,3,5
869,0.17737637,2,7
869,0.76239473,2,7
870,0.57880169,2,3
870,0.17691715,2,3
871,0.19401945,2,3
871,0.89196301,2,3
872,0.1700132,1,6
873,0.26133144,1,1
874,0.40652359,1,1
875,0.016037207,2,4
875,0.096424736,2,4
876,0.72369963,1,2
877,0.49088839,3,3
877,0.54231566,3,3
877,0.75186402,3,3
878,0.14322665,2,4
878,0.198333,2,4
879,0.72971922,2,4
879,0.64238423,2,4
880,0.58443177,5,3
880,0.6381284,5,3
880,0.28266713,5,3
880,0.65366548,5,3
880,0.86037177,5,3
881,0.80716509,4,3
881,0.59718013,4,3
881,0.9801349,4,3
881,0.12261796,4,3
882,0.38683024,3,9
882,0.42620489,3,9
882,0.00333578,3,9
883,0.40362182,5,3
883,0.2315044,5,3
883,0.91955692,5,3
883,0.12677597,5,3
883,0.75776285,5,3
884,0.21224704,1,7
885,0.30436465,1,3
886,0.78241724,4,3
886,0.35280991,4,3
886,0.41346723,4,3
886,0.83562905,4,3
887,0.34000027,1,3
888,0.22717506,2,2
888,0.36901799,2,2
889,0.14956994,17,1
889,0.34309819,17,1
889,0.2146973,17,1
889,0.84891438,17,1
889,0.55810922,17,1
889,0.00010350096,17,1
889,0.02108435,17,1
889,0.12003597,17,1
889,2.0206267e-16,17,1
889,0.48239246,17,1
889,0.19297539,17,1
889,0.0053191208,17,1
889,0.0066144741,17,1
889,4.1236553e-10,17,1
889,0.79630947,17,1
889,3.0249634e-17,17,1
889,1.5398042e-09,17,1
890,0.081010371,2,1
890,0.1448267,2,1
891,0.37172124,3,3
891,0.31305495,3,3
891,0.21449688,3,3
892,0.66817695,1,1
893,0.41348088,3,1
893,0.29194337,3,1
893,0.73491079,3,1
894,0.92399377,1,2
895,0.00087441382,4,1
895,0.035338633,4,1
895,0.53836334,4,1
895,0.0025025995,4,1
896,0.72693294,1,9
897,0.74323094,4,2
897,0.50267738,4,2
897,0.81590694,4,2
897,0.30702376,4,2
898,1.2814197e-05,2,2
898,0.014085501,2,2
899,0.65628541,2,6
899,0.026175359,2,6
900,0.51382488,1,3
901,0.86376631,3,2
901,0.82178748,3,2
901,0.33705759,3,2
902,0.72076601,1,2
903,0.039894823,1,3
904,0.85505795,1,3
905,0.584773,2,3
905,0.16953076,2,3
906,0,1,13
907,0.2255314,2,17
907,0.41038197,2,17
908,0.25101265,1,2
909,0.43826962,1,10
910,0.74204338,2,3
910,0.024178823,2,3
911,0.75992876,2,4
911,0.086272769,2,4
912,0.024462841,1,1
913,1.3142936e-06,1,10
914,0.81099725,1,15
915,0.18192616,3,5
915,0.085728288,3,5
915,0.066728756,3,5
916,0.26018059,1,5
917,0.17381242,1,2
918,0.26387015,1,6
919,0.44590619,3,2
919,0.23497637,3,2
919,0.81705272,3,2
920,0.81111377,1,2
921,0.5603525,1,3
922,0.14811422,2,1
922,0.14871299,2,1
923,0,1,1
924,0.24014294,3,9
924,0.29249018,3,9
924,0.40555295,3,9
925,0.35923001,1,1
926,0.26471722,6,3
926,0.60266268,6,3
926,0.36074138,6,3
926,0.056283742,6,3
926,0.04370236,6,3
926,0.22746983,6,3
927,0.075337939,1,1
928,0.57361656,1,3
929,0.061416835,1,7
930,0.45419332,1,9
931,0.33617985,1,2
932,0.35379297,1,4
933,0.29001585,4,5
933,0.37252781,4,5
933,0.077819616,4,5
933,0.046522193,4,5
934,0.0048361379,1,8
935,0.12655473,3,2
935,0.74008638,3,2
935,0.67601597,3,2
936,0.03755052,1,5
937,0.39899275,2,6
937,0.54808444,2,6
938,0.52642173,3,2
938,7.9942691e-07,3,2
938,0.37917686,3,2
939,0.86152285,1,2
940,0.23070729,1,2
941,0.14895548,1,2
942,0.31078231,1,3
943,0.96588981,1,7
944,0.47986493,1,6
945,0.083692715,1,5
946,0.31948027,3,4
946,0.00057075033,3,4
946,0.00025168393,3,4
947,0.011581597,2,2
947,0.00020077298,2,2
948,0.26209298,1,3
949,0.15692137,4,6
949,8.3162195e-06,4,6
949,0.72450531,4,6
949,0.075995885,4,6
950,0.23116198,19,4
950,0.062108736,19,4
950,0.031391013,19,4
950,0.45504421,19,4
950,0.13476753,19,4
950,0.28096861,19,4
950,0.079628401,19,4
950,0.11425813,19,4
950,0.43579215,19,4
950,0.28260112,19,4
950,0.90506542,19,4
950,0.71248168,19,4
950,0.20116171,19,4
950,0.078158796,19,4
950,0.33871961,19,4
950,0.26742309,19,4
950,0.82424676,19,4
950,0.92665845,19,4
950,0.0063634887,19,4
951,0.052022401,1,2
952,0.950243,2,2
952,0.87500596,2,2
953,0.98539209,2,3
953,0.82018912,2,3
954,0.958193,1,2
955,5.1214198e-12,1,1
956,0.9181428,1,1
957,0.86002237,1,2
958,0.5546385,3,5
958,0.6627019,3,5
958,0.61094147,3,5
959,0.0036280048,2,1
959,9.3216631e-06,2,1
960,0.27177462,3,2
960,0.12044963,3,2
960,0.013025431,3,2
961,0.9327082,3,21
961,0.24514964,3,21
961,0.94863725,3,21
962,0.52951908,2,2
962,0.69639599,2,2
963,0.78591353,1,1
964,0.26632935,2,1
964,0.22867373,2,1
965,0.60663623,2,1
965,0.28756383,2,1
966,0.0023939665,4,2
966,3.0305573e-06,4,2
966,0.69280183,4,2
966,0.95659065,4,2
967,0.15996769,3,7
967,0.35671726,3,7
967,0.20867272,3,7
968,0.60081309,2,1
968,0.7477864,2,1
969,0.0051262081,2,1
969,0.3688221,2,1
970,0.00089708227,1,1
971,0.74214643,2,2
971,0.46959651,2,2
972,0.86092621,2,1
972,0.21987027,2,1
973,4.0412638e-07,11,2
973,4.3045569e-19,11,2
973,1.9801782e-28,11,2
973,1.1770368e-19,11,2
973,1.0691791e-07,11,2
973,0,11,2
973,1.8498367e-22,11,2
973,0,11,2
973,7.2067167e-32,11,2
974,0.007863448,2,1
974,0.0066060391,2,1
975,7.6781719e-09,3,40
975,0.0011015469,3,40
975,0.042415369,3,40
976,0.53144151,1,4
977,0.098618016,2,1
977,0.57210541,2,1
978,0.45625651,1,2
979,0.91454762,1,2
980,0.0032444005,1,3
981,0.89626145,5,7
981,0.094677299,5,7
981,0.65040976,5,7
981,0.65896511,5,7
981,1,5,7
982,0.57651293,1,4
983,0.27160537,1,3
984,0.59558612,1,2
985,0.34148744,2,1
985,0.30214736,2,1
986,0.81738836,1,7
987,0.65847838,7,2
987,0.19456162,7,2
987,0.69761425,7,2
987,0.98043841,7,2
987,0.29027498,7,2
987,0.67119712,7,2
987,0.58880621,7,2
988,0.71600908,1,2
989,0.78573048,2,2
989,0.33851197,2,2
990,0.0004666266,1,2
991,0.6992861,1,2
992,0.88115966,1,2
993,0.92141438,2,5
993,0.6765402,2,5
994,0.37220821,1,2
995,0.38410914,1,3
996,0.64201814,1,3
997,0.1456679,8,1
997,0.99909627,8,1
997,0.0002063803,8,1
997,0.04725102,8,1
997,0.031161016,8,1
998,0.6938104,1,44
999,0.0079542585,1,1
1000,0.3659589,2,3
1000,0.91514879,2,3
1001,0.50975746,1,2
1002,0.92244053,1,3
1003,0.63960755,2,2
1003,0.6097061,2,2
1004,0.87935293,2,2
1004,0.89555949,2,2
1005,0.19033018,2,1
1005,0.80859601,2,1
1006,0,2,4
1006,0.30066958,2,4
1007,0.019433029,2,10
1007,0.89334482,2,10
1008,0.4441303,1,1
1009,9.104779e-05,2,16
1009,0.94121844,2,16
1010,0.53588879,3,2
1010,0.23198131,3,2
1010,0.83554584,3,2
1011,0.046205603,1,2
1012,0.60957682,1,4
1013,0.9862479,2,1
1013,0.011072061,2,1
1014,0.66573477,1,7
1015,0.0055080168,1,1
1016,0.73872912,1,1
1017,0.89609212,1,6
1018,0.91311741,1,1
1019,0.42078844,1,2
1020,0.96502709,3,3
1020,0.29767978,3,3
1020,0.20698737,3,3
1021,0.81196702,2,4
1021,0.32934922,2,4
1022,0.46389467,1,7
1023,0.0087623214,2,5
1024,0.59402275,2,6
1024,0.93659437,2,6
1025,0.51347744,3,3
1025,0.4697026,3,3
1025,0.93231833,3,3
1026,0.30845055,1,1
1027,0.92537642,1,2
1028,0.62935692,2,8
1029,0.99851608,1,1
1030,0.17436841,1,2
1031,0.81498879,2,1
1031,0.48005193,2,1
1032,0.46078029,1,1
1033,0.049620658,1,1
1034,0.51209474,3,8
1034,0.84614104,3,8
1034,0.96660286,3,8
1035,0.009726787,4,2
1035,0.88834715,4,2
1035,0.50947368,4,2
1035,0.12430727,4,2
1036,0.87441599,2,2
1036,0.97023427,2,2
1037,0.012694119,1,3
1038,0.37648296,6,5
1038,0.63369596,6,5
1038,1.9879119e-13,6,5
1038,9.6223026e-08,6,5
1038,0.91131592,6,5
1038,0.050690517,6,5
1039,0.54847282,1,3
1040,0.50017387,1,1
1041,0.61061805,1,2
1042,0.52332181,3,2
1043,0.044817973,15,2
1043,0.65290588,15,2
1043,0.31632099,15,2
1043,0.52403414,15,2
1043,0.55468935,15,2
1043,0.31323704,15,2
1043,0.75859123,15,2
1043,0.61858153,15,2
1043,0.22894295,15,2
1043,0.84059298,15,2
1043,0.74143869,15,2
1043,0.78769338,15,2
1043,0.22732578,15,2
1043,0.8237049,15,2
1043,0.58868206,15,2
1044,0.32822686,2,2
1044,0.8433767,2,2
1045,0.82006341,1,4
1046,0.24335548,1,1
1047,0.061504398,1,10
1048,0.24347243,1,3
1049,0.53707403,3,2
1049,0.75367701,3,2
1049,0.68153387,3,2
1050,0.85572034,1,2
1051,0.80329561,1,1
1052,0.13270159,1,2
1053,2.0536749e-26,1,16
1054,0.61079454,1,2
1055,0.75319022,7,12
1055,0.96485984,7,12
1055,0.46796647,7,12
1055,0.88889325,7,12
1055,0.35895473,7,12
1055,0.088914678,7,12
1055,0.22941378,7,12
1056,0.43106094,3,4
1056,0.62309158,3,4
1056,0.45312402,3,4
1057,0.22331579,2,3
1057,0.036658112,2,3
1058,0.87761009,4,14
1058,0.22148077,4,14
1058,0.48091704,4,14
1058,0.87474781,4,14
1059,0.00089210708,3,2
1059,0.88850647,3,2
1059,0.00015584032,3,2
1060,0.23807743,3,11
1060,0.24474986,3,11
1060,0.02554781,3,11
1061,0.10853431,3,12
1061,0.532574,3,12
1061,0.2375219,3,12
1062,0.044392951,3,2
1063,0.39379749,1,5
1064,0.68258554,1,2
1065,0.2544162,1,5
1066,0.64920634,7,9
1066,0.86062378,7,9
1066,0.20922062,7,9
1066,0.52061152,7,9
1066,0.5845775,7,9
1066,0.35892996,7,9
1066,0.6223768,7,9
1067,0.9409371,3,3
1067,0.463202,3,3
1067,0.2011724,3,3
1068,0.99695963,2,4
1068,0.45316285,2,4
1069,0.29317051,1,1
1070,5.309956e-05,2,11
1070,0.16170518,2,11
1071,0.65774184,2,2
1071,0.49776888,2,2
1072,5.9670616e-05,3,4
1072,0.012393036,3,4
1072,0.014311966,3,4
1073,0.19812202,5,1
1073,0.2539812,5,1
1073,0.55004716,5,1
1073,0.35285699,5,1
1073,0.77116615,5,1
1074,0.59306204,1,6
1075,0.76113856,1,1
1076,0.089911282,1,3
1077,0.92098254,2,4
1077,0.45981467,2,4
1078,0.051785115,5,5
1078,0.0076369699,5,5
1078,0.016318319,5,5
1078,0.078683473,5,5
1078,0.0081521338,5,5
1079,0.557428,2,1
1079,0.22627014,2,1
1080,0.34917048,1,2
1081,0.37337103,7,5
1081,0.018630533,7,5
1081,0.0095548332,7,5
1081,0.010565032,7,5
1081,0.10350817,7,5
1081,0.1060618,7,5
1081,0.0057035545,7,5
1082,0.57172471,1,2
1083,0.027945576,4,3
1083,0.0029658352,4,3
1083,0.010154864,4,3
1084,0.62364244,3,2
1084,0.75329769,3,2
1084,0.24250425,3,2
1085,0.56246191,19,4
1085,0.91730493,19,4
1085,0.18286078,19,4
1085,0.15783842,19,4
1085,0.11339618,19,4
1085,0.20193276,19,4
1085,0.8805967,19,4
1085,0.2102953,19,4
1085,0.65087324,19,4
1085,0.49236485,19,4
1085,0.28886408,19,4
1085,0.078879766,19,4
1085,0.8353737,19,4
1085,0.51477599,19,4
1085,0.62869751,19,4
1085,0.7478233,19,4
1085,0.25671148,19,4
1085,0.40949816,19,4
1085,0.098230273,19,4
1086,0.090372205,2,1
1086,0.21765728,2,1
1087,0.84082848,3,3
1087,0.56954557,3,3
1087,0.14412045,3,3
1088,0.66255927,1,3
1089,0.97240132,2,4
1089,0.82437909,2,4
1090,0.91268694,1,2
1091,0.87631029,2,1
1092,0.11543014,1,4
1093,0.36174253,1,2
1094,0.32153428,2,2
1094,0.267506,2,2
1095,0.94043899,4,4
1095,0.94292003,4,4
1095,0.43759501,4,4
1096,0.8144784,1,2
1097,0.31527776,3,5
1097,0.14493282,3,5
1097,0.8408376,3,5
1098,0.67010176,3,13
1098,0.41337869,3,13
1098,0.74151856,3,13
1099,0.92296094,2,12
1099,0.72524643,2,12
1100,0.089578241,1,9
1101,0.82614529,1,1
1102,0.067272089,1,3
1103,0.54851067,3,2
1103,0.9509753,3,2
1103,0.16212302,3,2
1104,0.2204863,3,7
1104,0.34800443,3,7
1104,0.19533271,3,7
1105,0.98220879,2,2
1105,0.030088447,2,2
1106,0.93269485,2,2
1106,0.71456975,2,2
1107,0.87204552,1,3
1108,0.016562108,5,2
1108,0.79079252,5,2
1108,0.33195922,5,2
1108,0.2883805,5,2
1108,0.42366394,5,2
1109,0.0557223,2,6
1109,1.1226244e-06,2,6
1110,0.0057623093,1,5
1111,0.12064205,2,1
1111,0.81037289,2,1
1112,0.35310122,1,4
1113,0.82361031,1,6
1114,3.8510671e-15,1,4
1115,0.029515075,2,4
1115,0.11601295,2,4
1116,0.76035488,1,1
1117,0.60610199,1,11
1118,0.8858245,3,4
1118,0.87659299,3,4
1118,0.00025180716,3,4
1119,0.18066333,1,6
1120,0.3492952,1,2
1121,0.79789764,2,5
1121,0.89654613,2,5
1122,3.664461e-15,1,9
1123,0.019651476,3,2
1123,0.48482394,3,2
1124,0,2,5
1124,0.99874896,2,5
1125,0.18467294,1,3
1126,0.13557753,1,4
1127,0.86748964,2,3
1127,0.012952657,2,3
1128,0.70246947,1,3
1129,0.43257445,1,5
1130,0.82379669,1,3
1131,0.30986506,1,2
1132,1.0785334e-05,1,5
1133,0.56792212,1,8
1134,0.00083597348,2,2
1134,0.34339124,2,2
1135,0,1,31
1136,0.77469939,1,1
1137,0.14291734,7,5
1137,0.30706057,7,5
1137,0.094445422,7,5
1137,0.13302054,7,5
1137,0.0071485504,7,5
1137,0.0745956,7,5
1137,0.13941731,7,5
1138,0.002276462,2,4
1138,0.16021779,2,4
1139,0.29306537,1,2
1140,0.59387881,1,16
1141,0.062372383,1,1
1142,0.51537937,3,3
1142,0.21475422,3,3
1142,0.70342201,3,3
1143,0.59544849,3,2
1143,0.26025069,3,2
1143,0.092955098,3,2
1144,0.34271407,2,2
1144,0.42452192,2,2
1145,0.22508109,1,2
1146,0.43380731,1,2
1147,0.75570315,2,5
1148,0.80760145,1,2
1149,0.00039589038,1,4
1150,0.66931432,2,5
1150,1.7135344e-08,2,5
1151,0.024352115,2,2
1151,0.49012861,2,2
1152,0.68540925,3,3
1152,0.68018651,3,3
1152,0.90323359,3,3
1153,0.53417951,1,3
1154,0.54676217,5,56
1154,0.98943752,5,56
1154,0.44127828,5,56
1154,0.45458901,5,56
1154,0.62717205,5,56
1155,0.12540174,1,3
1156,0.44667527,1,2
1157,0.86700779,4,3
1157,0.48550636,4,3
1157,0.77715617,4,3
1157,0.40860045,4,3
1158,0.6503787,1,1
1159,0.056580886,4,4
1159,0.33135462,4,4
1159,0.79478192,4,4
1159,0.041615941,4,4
1160,0,1,5
1161,0.20349438,2,3
1161,0.59208035,2,3
1162,0.86155587,6,3
1162,0.14360395,6,3
1162,0.59224856,6,3
1162,0.88482487,6,3
1162,0.80963099,6,3
1162,0.87533885,6,3
1163,0.01962091,1,3
1164,0.87166232,2,2
1165,0.875256,2,5
1165,0.33762956,2,5
1166,0.40877131,2,2
1166,0.71800905,2,2
1167,0,1,3
1168,0.25613135,1,2
1169,0.42151409,1,32
1170,0.48261106,4,2
1170,0.30038142,4,2
1170,0.67615372,4,2
1170,0.17285632,4,2
1171,0.3067714,4,5
1171,0.92059207,4,5
1171,0.0049035968,4,5
1171,0.36686781,4,5
1172,0.40629029,4,3
1172,0.55604076,4,3
1172,0.37530035,4,3
1172,0.49672529,4,3
1173,0.23406704,1,4
1174,0.63130307,3,2
1174,0.85896206,3,2
1174,0.53842431,3,2
1175,0.83416629,7,5
1175,0.53470433,7,5
1175,0.61562192,7,5
1175,0.65728295,7,5
1175,0.37516525,7,5
1175,0.24864607,7,5
1175,0.53537625,7,5
1176,0.91024506,1,3
1177,0.10872943,3,7
1177,0.8797875,3,7
1177,0.58604318,3,7
1178,0.23467726,15,4
1178,0.4791663,15,4
1178,0.48197839,15,4
1178,0.66174048,15,4
1178,0.15253663,15,4
1178,0.13594249,15,4
1178,0.59605151,15,4
1178,0.12325276,15,4
1178,0.054470204,15,4
1178,0.10211101,15,4
1178,0.97946399,15,4
1178,0.87765962,15,4
1178,0.46315384,15,4
1178,0.72629148,15,4
1178,0.87805122,15,4
1179,0.77795511,1,9
1180,0.5177635,1,2
1181,5.1343613e-18,1,1
1182,0.83759016,3,12
1182,0.42761329,3,12
1182,0.84931594,3,12
1183,0.016832264,2,15
1183,5.4994581e-10,2,15
1184,0.20391522,1,1
1185,0.70518482,2,3
1185,0.26363069,2,3
1186,2.9096554e-06,1,1
1187,0.27720991,2,7
1188,0.32673883,1,1
1189,0.24425954,1,2
1190,0.89518893,1,2
1191,0.51584035,1,4
1192,0.11902293,1,7
1193,0.54830629,2,16
1193,0.25594428,2,16
1194,0.076441512,1,2
1195,0.39792651,4,4
1195,0.55645436,4,4
1195,0.087718002,4,4
1195,0.72555447,4,4
1196,0.39670318,4,6
1196,0.1319517,4,6
1196,0.41453651,4,6
1196,0.19851792,4,6
1197,0.022650443,2,1
1197,0.27326658,2,1
1198,0.33372715,1,4
1199,0.3253147,1,4
1200,0.92090428,4,2
1200,0.13107981,4,2
1200,0.30726641,4,2
1200,0.34367627,4,2
1201,0.078027219,3,10
1201,0.91132593,3,10
1201,0.97672367,3,10
1202,0,1,2
1203,0.33578184,2,4
1203,0.031792782,2,4
1204,0.63821584,1,1
1205,0.14436835,1,2
1206,0.1654809,1,2
1207,0.38274369,1,1
1208,0.24194577,2,4
1208,0.37043658,2,4
1209,0.62363386,1,5
1210,0.036540691,1,3
1211,0.49049139,1,5
1212,0.15496852,1,8
1213,1.4393576e-27,1,2
1214,0.042073507,2,19
1214,0.3218585,2,19
1215,0.99502653,1,4
1216,0.46610749,2,12
1216,0.2738772,2,12
1217,0.42269385,1,4
1218,0.41374716,1,2
1219,0.8502416,1,1
1220,0.055901695,3,12
1220,0.91368085,3,12
1221,0.16850257,1,6
1222,0.40951526,1,9
1223,0.53204846,1,2
1224,0.17079,1,5
1225,0.48227814,1,3
1226,0.33603427,1,7
1227,0.64578623,2,3
1227,0.73522246,2,3
1228,0.11489908,1,7
1229,0.29974678,3,3
1229,0.13108492,3,3
1229,0.1978142,3,3
1230,0.0012363041,3,3
1230,0.19717416,3,3
1230,0.20137593,3,3
1231,0.11672243,1,11
1232,0.52653319,1,3
1233,0.93681061,1,7
1234,0.241161,1,2
1235,0.47858456,1,2
1236,0.30844143,1,2
1237,0.19645408,1,3
1238,0.92845172,2,1
1238,0.59293222,2,1
1239,0.60589373,1,3
1240,0.56370091,1,4
1241,0.54836476,3,2
1241,0.29209384,3,2
1241,0.10731158,3,2
1242,0.97664797,3,10
1242,0.25638676,3,10
1242,0.85084987,3,10
1243,0.90359485,3,4
1243,0.55187756,3,4
1243,0.40656966,3,4
1244,0.4330332,1,2
1245,0.95503736,1,6
1246,0.99030828,1,7
1247,0.34143636,1,3
1248,0.33628672,1,3
1249,0.53748888,1,2
1250,0.48400789,1,1
1251,0.53741676,1,4
1252,0.91719919,3,13
1252,0.9079085,3,13
1252,0.43827099,3,13
1253,0.37542704,6,5
1253,0.26840037,6,5
1253,0.14867786,6,5
1253,0.038585659,6,5
1253,0.89685243,6,5
1253,0.0071900757,6,5
1254,0.049416967,2,1
1254,0.53674203,2,1
1255,0.73115069,2,2
1255,0.42109191,2,2
1256,2.0049114e-07,1,2
1257,4.5605108e-17,1,11
1258,0.024033146,1,2
1259,0.0008035932,1,4
1260,0.80803257,8,6
1260,0.37717137,8,6
1260,0.15745001,8,6
1260,0.63423288,8,6
1260,0.73550916,8,6
1260,0.49595571,8,6
1260,0.73836631,8,6
1260,0.93875897,8,6
1261,0.63338822,4,6
1261,0.9189133,4,6
1261,0.49844503,4,6
1261,0.83627558,4,6
1262,0.58746517,1,2
1263,0.6153726,1,2
1264,0.63987422,1,3
1265,0.68021744,1,2
1266,0,2,6
1266,0.91389877,2,6
1267,0.028189695,1,3
1268,0.69925737,1,2
1269,0.0054457523,1,2
1270,0.83772707,1,1
1271,0.78265923,1,3
1272,0.23244999,1,2
1273,0.58330446,1,2
1274,0.0082554743,6,4
1274,0.0096933385,6,4
1274,0.085515767,6,4
1274,0.16756815,6,4
1274,0.1013155,6,4
1274,0.0029621874,6,4
1275,0.091308333,1,2
1276,0.56841564,3,12
1276,0.17072047,3,12
1276,0.066163205,3,12
1277,0.098108612,2,1
1277,0.64258146,2,1
1278,0.49787083,1,4
1279,0.16786779,1,2
1280,0.084423624,2,2
1280,0.70272964,2,2
1281,0.67252308,1,3
1282,0.90696585,2,3
1282,0.91275042,2,3
1283,0.056513801,1,1
1284,0.96388978,1,3
1285,0.7755338,1,2
1286,0.50544339,1,1
1287,0.051255576,4,6
1287,0.36531377,4,6
1287,0.0025141702,4,6
1287,0.029690383,4,6
1288,0.75530535,4,3
1288,0.1117342,4,3
1288,0.3811118,4,3
1288,0.98039979,4,3
1289,0.35429263,1,1
1290,0.13500923,1,2
1291,0.025181426,2,2
1291,0.39161757,2,2
1292,0.94003332,1,1
1293,0.00031518302,1,1
1294,0.0018981985,1,2
1295,0.82223791,1,22
1296,0.93967402,1,1
1297,0.00037137305,1,2
1298,0.46308652,1,2
1299,0.071432978,1,1
1300,0.39362359,1,1
1301,0.093105376,1,1
1302,0.79827863,1,5
1303,0.11779985,8,5
1303,0.3826741,8,5
1303,0.23056382,8,5
1303,0.58781618,8,5
1303,0.29883179,8,5
1303,0.57341737,8,5
1303,0.67022794,8,5
1303,0.93392366,8,5
1304,0.50451183,1,1
1305,0,1,3
1306,0.053205706,1,4
1307,1.1523232e-10,4,4
1307,9.1010541e-09,4,4
1307,7.8713796e-08,4,4
1307,1.8666334e-15,4,4
1308,0.55300337,1,12
1309,0.17401016,1,2
1310,0.81225377,2,5
1310,5.2451411e-25,2,5
1311,0.74365759,1,6
1312,2.4564124e-21,1,3
1313,0.25684649,1,4
1314,0.21842112,1,1
1315,0.148744,1,3
1316,0.35092795,1,5
1317,0.23218516,1,3
1318,0.79154491,1,4
1319,0.012871813,1,2
1320,0.8975811,1,2
1321,0.37608415,2,2
1321,0.43775618,2,2
1322,0.27642339,2,2
1322,0.093943246,2,2
1323,0.14118132,5,13
1323,0.71284837,5,13
1323,0.76676875,5,13
1323,0.40110353,5,13
1323,0.88286859,5,13
1324,0.82377899,1,2
1325,0.047368117,1,6
1326,0.44000432,19,5
1326,0.2653949,19,5
1326,0.4142535,19,5
1326,0.83957338,19,5
1326,0.21728489,19,5
1326,0.54256439,19,5
1326,0.08216656,19,5
1326,0.75386226,19,5
1326,0.45778081,19,5
1326,0.19327915,19,5
1326,0.61292434,19,5
1326,0.39428851,19,5
1326,0.73335558,19,5
1326,0.64171457,19,5
1326,0.15179285,19,5
1326,0.28069058,19,5
1326,0.63538444,19,5
1326,0.37361893,19,5
1326,0.20018901,19,5
1327,0.15852779,2,1
1327,0.22152975,2,1
1328,4.9981218e-06,2,2
1329,0.85304099,1,2
1330,0.00063386722,1,1
1331,0.099207155,1,1
1332,0.071863942,1,2
1333,0.92522871,6,2
1333,0.34837064,6,2
1333,0.98935503,6,2
1333,0.40533787,6,2
1333,0.90853268,6,2
1333,0.72187358,6,2
1334,0.93072551,1,6
1335,0.44608688,1,6
1336,0.79370403,1,4
1337,0.0031850687,1,5
1338,0.52268279,1,4
1339,0.101118,1,2
1340,0.73072296,3,2
1340,0.77719241,3,2
1340,0.41100904,3,2
1341,0.37647781,2,4
1341,0.024155928,2,4
1342,0.59177226,1,9
1343,0.20153001,1,2
1344,0.001291253,1,5
1345,0.58985263,2,1
1345,0.43026426,2,1
1346,0.42401141,1,2
1347,0.011165957,1,3
1348,0.17520788,10,4
1348,0,10,4
1348,0.049561124,10,4
1348,1.0249682e-21,10,4
1348,0.20194498,10,4
1348,1.4897458e-17,10,4
1348,0,10,4
1348,0.11202297,10,4
1348,9.9569675e-12,10,4
1349,0.0087765306,5,7
1349,8.5637494e-06,5,7
1349,0.34325218,5,7
1349,0.6090259,5,7
1349,0.0018259058,5,7
1350,0.87001914,3,4
1350,0.087616734,3,4
1350,0.25123885,3,4
1351,0.6860528,2,2
1351,0.81349665,2,2
1352,0.47894597,1,27
1353,0.12404844,1,2
1354,0.38944685,3,2
1354,0.81729621,3,2
1354,0.11940867,3,2
1355,0.24600311,1,4
1356,0.89161372,1,2
1357,0.015093725,1,4
1358,0.35331914,1,2
1359,0.38879269,3,20
1359,0.53190017,3,20
1359,0.80455428,3,20
1360,0.0010996319,1,12
1361,0.93827468,1,3
1362,0.30763045,4,2
1362,0.24592911,4,2
1362,0.26588514,4,2
1362,0.63743156,4,2
1363,0.049985558,1,7
1364,1.2296986e-05,1,7
1365,0.043814708,2,4
1365,0.03115277,2,4
1366,0.014469204,1,2
1367,5.5167904e-10,1,5
1368,0.014849036,1,5
1369,0.96806729,1,2
1370,0.051101197,1,3
1371,0.65137827,1,3
1372,0.28926703,1,2
1373,0.20093104,1,10
1374,0.1751949,1,1
1375,0.79791433,1,4
1376,0.7143892,1,4
1377,0.99140292,1,1
1378,0.15940447,1,2
1379,0.29610151,1,1
1380,0.5955044,1,1
1381,0.079041742,1,4
1382,3.2396127e-08,1,3
1383,0.24122484,2,3
1383,0.55598587,2,3
1384,0.54239041,1,3
1385,0.3546862,1,2
1386,0.16252169,3,5
1386,0.29452389,3,5
1386,0.95513463,3,5
1387,2.9832998e-14,1,4
1388,0.00034032538,1,2
1389,0.23635106,1,2
1390,0.025107581,2,3
1390,0.35821086,2,3
1391,0.10655099,2,3
1391,0.11312462,2,3
1392,0.40093115,2,10
1392,0.1291182,2,10
1393,0.69598389,1,2
1394,0.031004395,1,6
1395,0.76409984,5,3
1395,0.24716301,5,3
1395,0.16995433,5,3
1395,0.69727397,5,3
1395,0.84262043,5,3
1396,0.40446118,5,4
1396,0.97583562,5,4
1396,0.67122138,5,4
1396,0.72929698,5,4
1396,0.16750698,5,4
1397,0.63274276,2,1
1397,0.11572774,2,1
1398,0.68453491,1,6
1399,0.00053832016,3,8
1399,0.076562345,3,8
1399,0.77216685,3,8
1400,0.80647361,1,11
1401,0.073868334,1,3
1402,0.092584483,1,3
1403,0,1,2
1404,0.98616594,3,4
1404,0.74572086,3,4
1404,0.78772861,3,4
1405,0.81081104,1,3
1406,0.95931113,5,3
1406,0.60125339,5,3
1406,0.87807482,5,3
1406,0.5442183,5,3
1406,0.51433569,5,3
1407,0.12656958,1,3
1408,0.98445225,4,1
1408,0.5835259,4,1
1408,0.38380712,4,1
1408,0.24308246,4,1
1409,0.11888161,1,2
1410,0.021081315,1,3
1411,0.3955822,5,3
1411,0.001245401,5,3
1411,0.11322881,5,3
1411,0.0015989701,5,3
1411,0.0018770371,5,3
1412,1.6101197e-10,3,2
1412,0.05451433,3,2
1412,1.1416837e-11,3,2
1413,0.068505138,1,2
1414,0.438012,1,3
1415,0.9021861,1,3
1416,0.18376744,1,12
1417,0.055151429,1,2
1418,0.13153866,1,2
1419,0.4319236,1,3
1420,0.31002566,1,3
1421,0.80401695,4,3
1421,0.65401763,4,3
1421,0.12924412,4,3
1421,0.47966108,4,3
1422,2.0179805e-10,1,38
1423,0.40725547,1,1
1424,0.0026854335,2,1
1424,0.13522649,2,1
1425,0.17980066,1,7
1426,0.23578697,1,2
1427,0.020116914,1,1
1428,0.26024413,1,1
1429,0.086997971,1,1
1430,0.26559898,2,2
1430,0.36834905,2,2
1431,0.69980294,2,3
1431,0.33024946,2,3
1432,0.95033962,1,8
1433,0.2572186,5,1
1433,0.92583513,5,1
1433,0.64647049,5,1
1433,0.60157669,5,1
1433,0.37487939,5,1
1434,0.61976367,1,2
1435,0.61893332,1,5
1436,0.13021508,2,4
1436,0.065966599,2,4
1437,3.4604654e-12,1,8
1438,0.48311588,1,6
1439,0.69658083,1,1
1440,0,1,2
1441,0.56794757,2,4
1441,1.9919826e-26,2,4
1442,0.0013360558,1,2
1443,0,2,7
1443,0,2,7
1444,0,3,8
1444,3.1026671e-11,3,8
1444,0.00043187785,3,8
1445,0.10844593,1,3
1446,0.29403728,2,12
1446,0.41381946,2,12
1447,3.879255e-16,1,2
1448,2.5316976e-06,5,8
1448,0.78188175,5,8
1448,5.9998433e-06,5,8
1448,0.81379992,5,8
1448,5.7348183e-07,5,8
1449,0.68066728,1,1
1450,0.93857998,1,2
1451,0.9323625,1,4
1452,0.41193143,1,3
1453,0.36067224,1,2
1454,0.49213645,1,1
1455,0.36893237,1,5
1456,0.51743925,1,2
1457,0.080042973,2,2
1457,0.83053619,2,2
1458,0.50751406,1,3
1459,0.090904288,1,2
1460,0.0043151854,3,3
1460,0.096209802,3,3
1460,0.39009234,3,3
1461,0.085330404,4,2
1461,0.032174189,4,2
1461,0.042622544,4,2
1461,0.0098607941,4,2
1462,0.30386338,1,2
1463,0.5593375,2,2
1463,0.21444121,2,2
1464,0.6111055,1,1
1465,0.061369531,1,2
1466,0.83820081,1,2
1467,0.51190495,1,3
1468,0,1,5
1469,0.43675512,1,1
1470,0.9608615,1,3
1471,0.97693396,2,11
1471,0.70724905,2,11
1472,0.84976673,3,3
1472,0.23964575,3,3
1472,0.18893223,3,3
1473,0.074010186,1,1
1474,0.72273207,2,3
1474,0.44713083,2,3
1475,0.64907098,1,2
1476,0.051693648,2,3
1476,0.37465855,2,3
1477,0.20225912,1,4
1478,0.22364195,1,2
1479,0.06284494,2,3
1479,0.69155002,2,3
1480,0.49478251,1,2
1481,0.43936539,1,2
1482,0.28579259,6,4
1482,0.90110737,6,4
1482,0.85019666,6,4
1482,0.88057458,6,4
1482,0.11099105,6,4
1482,0.48838133,6,4
1483,7.3361227e-11,1,6
1484,0.91429514,1,6
1485,0.50605935,1,2
1486,0.51810926,1,4
1487,0.48211846,2,3
1487,0.70945621,2,3
1488,0.72316897,3,2
1488,0.98399401,3,2
1488,0.94959694,3,2
1489,0.58562785,1,1
1490,0.16028532,1,2
1491,0,2,2
1491,0,2,2
1492,0,1,4
1493,0.20776635,1,1
1494,0.82070625,1,4
1495,0.92158312,1,2
1496,0.00035457034,1,2
1497,0.14859825,1,1
1498,4.3072509e-05,1,4
1499,0.060579948,1,21
1500,0.42132351,1,1
1501,0.069622792,3,5
1501,0.060395353,3,5
1501,0.015335293,3,5
1502,0,1,4
1503,0.0042499546,1,2
1504,0.0031881861,1,7
1505,0.29215959,2,4
1505,0.066897728,2,4
1506,0.10874972,1,2
1507,1.2990895e-26,2,7
1507,4.6987594e-17,2,7
1508,0.33049315,3,19
1508,0.98284364,3,19
1508,0.59001756,3,19
1509,0.023209479,1,2
1510,0.18550649,1,2
1511,2.6389245e-18,1,11
1512,0.63557881,8,4
1512,0.38466811,8,4
1512,0.31162789,8,4
1512,0.37874582,8,4
1512,0.53904098,8,4
1512,0.73240417,8,4
1512,0.82146293,8,4
1512,0.25497064,8,4
1513,0.23666038,1,2
1514,0.039337434,1,2
1515,0.84310085,2,4
1515,0.97942114,2,4
1516,0.029243322,1,2
1517,1.4552569e-07,3,9
1517,0.23389128,3,9
1517,0.068837292,3,9
1518,0.085116193,1,5
1519,0.37560385,1,2
1520,0.81692231,2,4
1520,0.86048985,2,4
1521,0.49181992,1,2
1522,0.7373094,2,2
1522,0.2247714,2,2
1523,0.036041204,1,5
1524,0.36551553,1,3
1525,0.071674436,4,2
1525,0.85986567,4,2
1525,0.00010887799,4,2
1525,0.011951119,4,2
1526,0.37584442,2,13
1526,0.43638873,2,13
1527,0.20500475,5,1
1527,0.0041984301,5,1
1527,3.5611629e-07,5,1
1527,0.0047142003,5,1
1527,0.085228816,5,1
1528,0.3142319,1,3
1529,0.70404166,1,2
1530,0.0011195353,2,9
1530,0.10547426,2,9
1531,0.54346931,2,2
1531,0.72815126,2,2
1532,0.53662682,1,2
1533,0.40110573,1,3
1534,0.26915535,3,3
1534,0.26817635,3,3
1534,0.69084156,3,3
1535,0.074290678,1,4
1536,0.34000051,1,2
1537,0.47292706,3,1
1537,9.3375141e-10,3,1
1537,0.21932064,3,1
1538,0.9280951,1,3
1539,0.58126241,1,2
1540,0.19117853,1,1
1541,0.87277067,1,2
1542,0.49434495,1,2
1543,0.38423148,2,48
1543,0.15168741,2,48
1544,0.27411401,2,7
1544,0.58717674,2,7
1545,0.040980391,1,2
1546,0.9177714,1,3
1547,0.078833222,1,3
1548,0.0062105996,1,1
1549,0.41009831,1,2
1550,0.86010456,1,3
1551,0.9741748,1,2
1552,0.76226991,2,2
1552,0.3322733,2,2
1553,0.39881217,2,16
1553,0.080159917,2,16
1554,0.98399645,1,4
1555,0.036479291,1,7
1556,0.99506366,2,7
1556,0.47930643,2,7
1557,0.013528829,1,1
1558,0.089996338,1,10
1559,1.0860618e-17,3,7
1559,1.2004796e-10,3,7
1559,5.4946554e-06,3,7
1560,0.41170231,1,6
1561,0.21526985,1,3
1562,0.1720489,1,2
1563,0.83072668,1,2
1564,0.050837927,5,2
1564,0.09426304,5,2
1564,0.41143,5,2
1564,0.034515362,5,2
1564,0.0077027748,5,2
1565,0.66599852,8,1
1565,0.38636428,8,1
1565,0.87767005,8,1
1565,0.46440306,8,1
1565,0.40086222,8,1
1565,0.3814474,8,1
1565,0.50409555,8,1
1565,0.94843513,8,1
1566,0.048150826,3,21
1566,0.70626909,3,21
1566,0.59090739,3,21
1567,0.75835562,5,3
1567,0.89847386,5,3
1567,0.00030681322,5,3
1567,0.45370683,5,3
1567,0.25579384,5,3
1568,0.89320052,1,8
1569,0.12069898,1,3
1570,0.47715756,3,2
1570,0.74879134,3,2
1570,0.93037277,3,2
1571,0.94632643,3,3
1571,0.68526387,3,3
1571,0.88827294,3,3
1572,0.75157005,3,2
1572,0.0062568011,3,2
1572,0.2828593,3,2
1573,0.4819487,1,3
1574,0.10364996,1,2
1575,0.83003557,1,4
1576,0.27173704,4,6
1576,0.16076925,4,6
1576,0.52917117,4,6
1576,0.157545,4,6
1577,0.41132912,1,2
1578,0.37382141,1,1
1579,0.73081326,1,2
1580,0.88076812,3,8
1580,0.86714524,3,8
1580,0.9952907,3,8
1581,0.7506361,1,2
1582,0.86907345,47,3
1582,0.29077655,47,3
1582,0.73677659,47,3
1582,0.38698202,47,3
1582,0.91658515,47,3
1582,0.43591559,47,3
1582,0.12322507,47,3
1582,0.60614145,47,3
1582,0.70055395,47,3
1582,0.26106215,47,3
1582,0.13368399,47,3
1582,0.7001372,47,3
1582,0.026808007,47,3
1582,0.26424325,47,3
1582,0.68101442,47,3
1582,0.23659587,47,3
1582,0.25706699,47,3
1582,0.8934719,47,3
1582,0.54918164,47,3
1582,0.40460843,47,3
1582,0.081364788,47,3
1582,0.090352505,47,3
1582,0.10926144,47,3
1582,0.59134883,47,3
1582,0.11052828,47,3
1582,0.69384807,47,3
1582,0.45567724,47,3
1582,0.43936178,47,3
1582,0.7164607,47,3
1582,0.82785147,47,3
1582,0.4106898,47,3
1582,0.35999167,47,3
1582,0.36662996,47,3
1582,0.5259366,47,3
1582,0.10858316,47,3
1582,0.89133888,47,3
1582,0.87600434,47,3
1582,0.18402903,47,3
1582,0.28779241,47,3
1582,0.064625621,47,3
1582,0.036030918,47,3
1582,0.63414603,47,3
1582,0.62622774,47,3
1582,0.9533816,47,3
1582,0.40370095,47,3
1582,0.65363801,47,3
1582,0.1619613,47,3
1583,0.13932316,1,2
1584,0.012019464,1,3
1585,0.47624379,1,2
1586,0.061420791,2,2
1586,0.19014472,2,2
1587,0.18808387,2,2
1587,0.68271005,2,2
1588,0.83118421,1,7
1589,0.0048103859,1,1
1590,0.55285186,1,2
1591,0.063140184,1,4
1592,0.00014604862,1,8
1593,0.37349433,3,1
1593,0.81552273,3,1
1593,0.66366065,3,1
1594,0.27787781,1,7
1595,0.32909438,1,3
1596,0.37615824,7,6
1596,0.091319598,7,6
1596,0.91958231,7,6
1597,0.55605334,1,4
1598,0,1,3
1599,0.1532083,1,6
1600,0.34471935,1,10
1601,0.85939938,2,1
1601,0.85827756,2,1
1602,0.044570286,1,2
1603,0.72488636,6,1
1603,0.22897887,6,1
1603,0.014639376,6,1
1603,0.40753999,6,1
1603,0.8579756,6,1
1603,0.93647593,6,1
1604,0.84339553,3,6
1604,0.79972833,3,6
1604,0.210206,3,6
1605,0.25229663,1,2
1606,0.49676916,1,2
1607,0.56662899,1,1
1608,0.70245856,2,2
1608,0.5479905,2,2
1609,0.15287293,5,3
1609,1.4199716e-11,5,3
1609,0.39037767,5,3
1609,0.71947902,5,3
1609,1.2979575e-12,5,3
1610,0.79568613,2,3
1610,0.59838867,2,3
1611,0.76327008,3,2
1611,0.89056194,3,2
1611,0.57514513,3,2
1612,0.55443716,1,2
1613,0.51665688,1,4
1614,0.0015856907,1,16
1615,0.95571589,2,3
1615,0.081753284,2,3
1616,0.05338686,2,3
1616,4.9012487e-14,2,3
1617,0.16336709,2,1
1617,0.33209738,2,1
1618,0.043741941,1,3
1619,0.32535726,1,2
1620,0.32117924,1,1
1621,0.93564653,1,1
1622,0.76537323,1,2
1623,0.60112286,1,1
1624,9.982015e-05,1,14
1625,0.0016221178,1,2
1626,0.10221326,6,7
1626,0.6246624,6,7
1626,0.74128634,6,7
1626,0.23738566,6,7
1626,0.31114644,6,7
1626,0.52833056,6,7
1627,0.24455282,2,2
1627,0.717219,2,2
1628,0.41029921,1,2
1629,0.619304,5,1
1629,0.59458542,5,1
1629,0.43343318,5,1
1629,0.12373839,5,1
1629,0.31595173,5,1
1630,0.22692552,5,5
1630,0.31210542,5,5
1630,0.8668015,5,5
1630,0.97045887,5,5
1630,0.5603072,5,5
1631,0.079453297,1,2
1632,0.51810998,1,4
1633,0.066786133,2,2
1633,0.064492144,2,2
1634,0.17563015,1,2
1635,0.13923903,1,3
1636,0.835392,1,3
1637,0.23583569,2,2
1637,0.023389705,2,2
1638,0.87373054,1,5
1639,0.20254779,2,2
1640,0.56610203,1,9
1641,0.28414178,1,6
1642,0.071132146,1,1
1643,0.63734937,1,4
1644,0.75753719,1,5
1645,0.0099075707,8,3
1645,0.00057145307,8,3
1645,0.063909046,8,3
1645,0.92182678,8,3
1645,0.28068277,8,3
1646,3.7248782e-08,2,4
1646,0.0053539909,2,4
1647,2.7803825e-08,2,1
1647,6.9851449e-38,2,1
1648,0.00014612729,3,1
1648,1.1899674e-05,3,1
1648,0.0018335017,3,1
1649,0.18335366,1,1
1650,0.96722674,1,3
1651,0.015358023,2,3
1651,0.68435991,2,3
1652,0.5769102,1,1
1653,0.027745191,1,5
1654,0.91883749,1,2
1655,0.055973273,1,10
1656,0.13954633,1,2
1657,0.36901966,1,5
1658,0.024783051,1,3
1659,0.4302316,1,4
1660,0.79006886,1,4
1661,0,1,2
1662,0.77548623,2,2
1663,0.68817025,5,3
1663,0.90244758,5,3
1663,0.50648803,5,3
1663,0.40979981,5,3
1663,0.68029398,5,3
1664,0.77565598,1,4
1665,0.43927598,2,10
1665,0.27223378,2,10
1666,0.0018634127,1,6
1667,0.72229743,1,4
1668,0.11026273,1,2
1669,0.23720971,1,2
1670,0.42971727,15,5
1670,0.64270747,15,5
1670,0.11623741,15,5
1670,0.45891809,15,5
1670,0.63562584,15,5
1670,0.77867472,15,5
1670,0.43683514,15,5
1670,0.68665117,15,5
1670,0.13228479,15,5
1670,0.4172084,15,5
1670,0.44043475,15,5
1670,0.54983264,15,5
1670,0.3886106,15,5
1670,0.28886092,15,5
1670,0.069128424,15,5
1671,0.79818785,1,1
1672,0.091207229,1,13
1673,0.79173225,4,7
1673,0.18197803,4,7
1673,0.44356152,4,7
1673,0.43883413,4,7
1674,0.53352606,1,2
1675,2.0992445e-24,1,3
1676,0.22178012,2,10
1676,0.0087599745,2,10
1677,0.9653973,1,5
1678,0.11369704,1,4
1679,0.27316275,1,2
1680,0,1,3
1681,0.33215562,1,2
1682,0.45501375,1,10
1683,0.0031041254,2,3
1683,0.73438185,2,3
1684,0,1,4
1685,0.93716335,1,1
1686,0.49910578,1,3
1687,0.29960352,1,1
1688,0.30526659,2,2
1688,0.67328298,2,2
1689,0.73103112,3,6
1689,0.23483925,3,6
1689,0.92861569,3,6
1690,0.20946743,3,3
1690,0.41642517,3,3
1690,0.48231173,3,3
1691,1.1077325e-05,1,3
1692,0.79969847,2,7
1692,0.75482911,2,7
1693,0.82903939,1,5
1694,0.28007761,1,13
1695,0.84732682,1,2
1696,0.82201326,4,2
1696,0.13075534,4,2
1696,0.10714427,4,2
1696,0.0013092805,4,2
1697,0.2552655,1,1
1698,0.97708255,1,1
1699,1.4987679e-13,2,3
1699,8.3995047e-08,2,3
1700,0.77295357,1,2
1701,0.11259663,2,5
1701,0.3254571,2,5
1702,0.26808715,1,2
1703,0.25483254,1,4
1704,0.59401488,1,2
1705,0.29818383,1,2
1706,0.012562242,1,2
1707,0.46531817,1,2
1708,0.05713338,7,21
1708,0.00081238255,7,21
1708,0.74959153,7,21
1708,0.49775192,7,21
1708,0.016753558,7,21
1708,0.00039714522,7,21
1708,0.019977583,7,21
1709,0.56592143,1,8
1710,0.97716004,1,8
1711,0.16159423,3,6
1711,0.36322817,3,6
1711,0.18420219,3,6
1712,0.0016952949,1,5
1713,0.53535777,1,2
1714,0.41692799,1,2
1715,0.9653495,1,2
1716,0.00094103266,1,1
1717,0.25561008,3,6
1717,0.36699259,3,6
1717,0.76272643,3,6
1718,0.68689603,4,1
1718,0.23391792,4,1
1718,0.92905086,4,1
1718,0.28874463,4,1
1719,0.57965505,2,3
1719,0.0037638764,2,3
1720,0.38583478,1,3
1721,0.15886784,1,2
1722,0.079871044,3,2
1722,0.012024962,3,2
1722,0.14042537,3,2
1723,0.47573999,1,3
1724,0.99690479,1,3
1725,5.1744585e-37,1,3
1726,0.18194978,1,2
1727,0.35361394,3,5
1727,0.2534312,3,5
1727,0.15428311,3,5
1728,0.02226313,1,1
1729,0.10930394,1,3
1730,0.91748607,1,1
1731,0.15867959,1,8
1732,0.047721319,1,6
1733,0.29297361,1,8
1734,0.78061295,1,3
1735,0.93801659,1,3
1736,0.37882546,1,1
1737,0.08564581,1,5
1738,0.18269081,1,2
1739,0.7858001,1,3
1740,0.024218498,1,3
1741,0.9922874,1,2
1742,0.62220591,1,3
1743,0.027515996,1,2
1744,0.56134069,1,4
1745,0.88357645,2,4
1745,0.25561416,2,4
1746,0.73736453,1,1
1747,0.29693201,4,3
1747,0.021171965,4,3
1747,2.3320928e-05,4,3
1747,0.72170019,4,3
1748,0.51519352,1,2
1749,0.28535563,1,2
1750,0,1,5
1751,0.39668038,3,12
1751,0.76923424,3,12
1751,0.97540087,3,12
1752,0.049809385,1,5
1753,0.78993505,1,2
1754,0.010426315,1,4
1755,0.24346761,1,3
1756,0.55222303,3,2
1756,0.089366406,3,2
1757,0.96694565,1,2
1758,0.86560643,1,2
1759,0.25204283,1,2
1760,0.6798954,3,6
1760,0.48770964,3,6
1760,0.24695775,3,6
1761,0.42593944,4,6
1761,0.32344377,4,6
1761,0.11877441,4,6
1761,0.18253769,4,6
1762,0.086353436,2,4
1762,0.55846959,2,4
1763,0.89003664,2,1
1763,0.17697495,2,1
1764,0.35631183,2,1
1764,0.66006762,2,1
1765,0.66845185,1,2
1766,0.29042295,2,3
1766,0.18433689,2,3
1767,0.0064997463,1,1
1768,0.28079885,1,1
1769,0.35335186,4,2
1769,0.63556331,4,2
1769,0.98664343,4,2
1769,0.053799119,4,2
1770,0.20519896,1,1
1771,0.71545237,1,1
1772,0.052779052,1,5
1773,0.30764875,1,1
1774,6.7662093e-08,3,3
1774,0.72886902,3,3
1774,0.59459853,3,3
1775,0.30240023,3,3
1775,0.32324508,3,3
1775,0.21758665,3,3
1776,0.19534463,1,13
1777,0.65680504,1,4
1778,0.37363109,1,1
1779,0.13970181,1,9
1780,0.6972518,1,2
1781,0.41617942,1,5
1782,0.28165981,2,2
1782,0.62478322,2,2
1783,0.54446733,2,7
1783,0.33075005,2,7
1784,0,1,6
1785,0.23515153,1,4
1786,0.11888615,1,19
1787,0.030040361,1,4
1788,0.78034753,3,1
1788,0.48572525,3,1
1788,0.017988002,3,1
1789,0.34169337,1,1
1790,0.00080451608,1,2
1791,0.14802203,1,2
1792,0.015747091,1,1
1793,0.7467677,5,1
1793,0.3335554,5,1
1793,0.60746592,5,1
1793,0.27926084,5,1
1793,0.00082459423,5,1
1794,9.4754554e-14,1,5
1795,0.17636387,1,2
1796,1.3639992e-14,1,3
1797,0.54251337,1,3
1798,0.11169385,1,158
1799,0.00097959803,1,2
1800,0.14911641,3,3
1800,0.322869,3,3
1800,0.29776326,3,3
1801,0.49533588,1,6
1802,6.027012e-21,1,2
1803,0,1,5
1804,0.11383689,1,3
1805,0.29456052,1,2
1806,0.22935443,1,4
1807,0.20074755,1,6
1808,0.34532905,1,6
1809,0.0091903731,1,1
1810,0.91721815,1,1
1811,0.85057604,1,1
1812,0.53202683,1,2
1813,0.073100902,1,4
1814,0.63484031,1,1
1815,0.32638347,2,4
1815,0.63935322,2,4
1816,0.71255475,2,2
1816,0.045617517,2,2
1817,0.15694894,1,1
1818,0,1,4
1819,0.2900449,1,3
1820,0.47651306,1,5
1821,0.14706749,3,7
1821,0.56560391,3,7
1821,0.37481725,3,7
1822,1.0226439e-06,1,2
1823,2.3210665e-13,2,2
1823,1.6179251e-06,2,2
1824,0.11153049,8,1
1824,0.052889578,8,1
1824,0.18903293,8,1
1824,0.13569936,8,1
1824,0.51887572,8,1
1824,0.6207459,8,1
1824,0.17074805,8,1
1824,0.20433015,8,1
1825,0.8375681,1,1
1826,0,3,3
1826,0.66350442,3,3
1826,0.25839049,3,3
1827,4.3877076e-11,1,2
1828,0.087916367,1,3
1829,0.86300212,1,2
1830,0.77235985,1,2
1831,0.049848761,1,1
1832,0.35284325,1,4
1833,0.32127818,1,1
1834,0.98394269,1,2
1835,0.58826083,2,2
1835,0.71641505,2,2
1836,0.69184464,3,8
1836,0.96670771,3,8
1836,0.16376212,3,8
1837,0.80727589,1,6
1838,0.44550481,3,2
1838,0.34255806,3,2
1838,0.54012972,3,2
1839,0.87883705,3,3
1839,0.92936015,3,3
1839,0.34504977,3,3
1840,0.82143629,2,2
1840,0.69493115,2,2
1841,0.64819038,1,2
1842,0.11100812,5,4
1842,0.68735021,5,4
1842,0.69640207,5,4
1842,0.10016174,5,4
1842,0.096971236,5,4
1843,0.47107986,3,5
1843,0.43733603,3,5
1843,0.5929333,3,5
1844,0.057888024,2,1
1845,0.77925664,1,2
1846,0.83322036,1,1
1847,0.12178487,2,2
1848,0.78921193,1,13
1849,0.44488657,2,5
1849,0.18212378,2,5
1850,0.29905894,2,5
1850,0.86544192,2,5
1851,0.59101206,6,1
1851,0.52274257,6,1
1851,0.5754053,6,1
1851,0.40905419,6,1
1851,0.50733978,6,1
1851,0.64698184,6,1
1852,0.89045709,2,3
1852,0.011816972,2,3
1853,4.2639615e-36,1,3
1854,0.16771118,5,3
1854,0.10711627,5,3
1854,0.29621527,5,3
1854,0.22619513,5,3
1854,0.4729318,5,3
1855,6.6309988e-14,1,2
1856,0.58437949,2,17
1856,0.39879543,2,17
1857,0.68778151,1,4
1858,0.24734233,1,2
1859,0.34549421,2,3
1859,0.058913372,2,3
1860,0.4532471,3,12
1860,0.80301195,3,12
1860,0.62947905,3,12
1861,0.1445678,1,4
1862,0.47259879,4,3
1862,0.697106,4,3
1862,0.21012749,4,3
1862,0.95781773,4,3
1863,0.62830997,3,5
1863,0.8323682,3,5
1863,0.8875975,3,5
1864,0.0085659856,1,5
1865,0.041824866,1,4
1866,0.46212876,2,2
1866,0.67705685,2,2
1867,0.19631852,2,4
1867,0.32522303,2,4
1868,0.095228396,3,1
1868,0.98976803,3,1
1868,0.97507221,3,1
1869,0.88921529,1,1
1870,0.13700247,1,2
1871,0.14194319,3,1
1871,0.99589628,3,1
1871,0.37074333,3,1
1872,0.015914174,7,2
1872,0.33010498,7,2
1872,0.28969988,7,2
1872,0.50068825,7,2
1872,0.038573839,7,2
1872,0.013649559,7,2
1872,0.42295858,7,2
1873,0.79276484,1,1
1874,0.04979001,1,2
1875,0.84168696,1,1
1876,0.84231234,1,2
1877,0.14553274,1,3
1878,0.16040152,1,5
1879,0,5,73
1879,0.13953732,5,73
1879,0.51219612,5,73
1879,0.59824514,5,73
1879,0,5,73
1880,0.65114504,1,1
1881,0.10286129,1,3
1882,3.2311773e-06,1,2
1883,0.0091386531,1,7
1884,0.69344747,1,5
1885,2.4186564e-17,1,2
1886,0.36569899,1,3
1887,0.0046778577,1,3
1888,0.054962806,2,13
1888,0.684605,2,13
1889,0.47756213,1,2
1890,0.36923611,1,3
1891,0.096241564,1,3
1892,0.78693277,1,2
1893,0.078797475,1,4
1894,0.89321357,1,12
1895,4.493614e-05,1,3
1896,0.059022475,2,3
1896,0.64383221,2,3
1897,0.024641156,3,2
1897,0.10218067,3,2
1897,0.047848325,3,2
1898,6.3756202e-06,1,1
1899,0.98294365,1,1
1900,0.8473987,1,3
1901,0.36897853,4,3
1901,0.38514894,4,3
1901,0.58756036,4,3
1901,0.50861424,4,3
1902,0.63978934,1,3
1903,0.57167292,1,4
1904,9.2671185e-36,1,3
1905,0.39995626,1,1
1906,0.083415337,1,2
1907,0.02236516,1,3
1908,0.45203334,1,6
1909,0.33168805,1,3
1910,0.96393573,4,3
1910,0.51739454,4,3
1910,0.92296046,4,3
1910,0.066310123,4,3
1911,0.18366645,2,10
1911,0.51036376,2,10
1912,0.22728851,5,8
1912,0.42356625,5,8
1912,0.99968445,5,8
1912,0.85893089,5,8
1912,0.85454094,5,8
1913,0.27387258,1,5
1914,0.90768558,3,2
1914,0.64652342,3,2
1914,0.77551621,3,2
1915,0.21328336,1,6
1916,0.051012777,2,6
1916,0.45437193,2,6
1917,0.66198045,2,3
1917,0.95964533,2,3
1918,0.57785779,1,2
1919,0.05389341,1,2
1920,0.78020412,1,3
1921,0.42544052,1,6
1922,0.92378706,1,3
1923,0.76070821,1,1
1924,0.86331093,1,2
1925,0.10715139,2,2
1925,0.096752807,2,2
1926,0.061177898,7,17
1926,0.76050121,7,17
1926,0.38712558,7,17
1926,0.76893002,7,17
1926,0.8971473,7,17
1926,0.95598477,7,17
1926,0.48314533,7,17
1927,0.0010420599,2,3
1927,0.3429848,2,3
1928,0.48945472,1,14
1929,0.50081336,1,2
1930,0.89718729,1,2
1931,0.89969504,1,1
1932,0.020097636,4,2
1932,0.34831712,4,2
1932,0.8631956,4,2
1932,0.24975821,4,2
1933,0.30095997,1,2
1934,1.1639668e-05,1,14
1935,0.0035606727,1,5
1936,0.6402458,1,2
1937,0.063679837,2,2
1937,0.0088771768,2,2
1938,0.24238503,1,2
1939,0.60319585,2,4
1939,0.39847732,2,4
1940,0.58340502,1,2
1941,0.78436983,1,4
1942,0.42570114,2,2
1942,0.43583238,2,2
1943,0.78502864,3,3
1943,0.055510983,3,3
1943,0.48245385,3,3
1944,0.006502335,1,1
1945,0.18511803,1,4
1946,0.014201576,1,4
1947,0.42953026,2,6
1947,0.7804808,2,6
1948,0.86100572,1,2
1949,0.42850497,1,2
1950,1.5851836e-07,1,11
1951,0.94799072,3,1
1951,0.5317204,3,1
1951,0.71965557,3,1
1952,0.44379568,1,4
1953,0.50228149,1,2
1954,0.53782749,1,3
1955,1.979237e-16,1,3
1956,0.93420988,2,4
1956,0.96416688,2,4
1957,0.87248737,1,4
1958,0.84082371,1,1
1959,0.0016085011,1,3
1960,0.78337181,3,2
1960,0.27270013,3,2
1960,0.088612191,3,2
1961,0.85927838,1,4
1962,0.2278882,1,2
1963,0.35098371,3,20
1963,0.042053487,3,20
1963,0.81217563,3,20
1964,0.042729538,1,3
1965,0.71164185,1,5
1966,0.41613716,1,3
1967,0.0042303163,1,2
1968,0.03767601,1,2
1969,0.086217046,4,1
1970,0.77306324,1,1
1971,0.82236493,1,4
1972,0.17312589,4,10
1972,0.014070709,4,10
1972,0.87285513,4,10
1972,0.011737042,4,10
1973,0.47243318,1,7
1974,0.72511214,1,2
1975,0.011592829,1,6
1976,0.78914416,1,2
1977,0.088215008,1,2
1978,0.80459392,1,2
1979,0.47721469,1,1
1980,1.6782764e-06,1,4
1981,0.41486326,3,3
1981,0.85620433,3,3
1981,0.024409607,3,3
1982,0.65282828,1,2
1983,0.41849789,2,3
1983,0.92461586,2,3
1984,0.36700046,1,2
1985,0.31014794,1,5
1986,0.79564929,1,5
1987,0.97267979,1,5
1988,0.45989576,1,1
1989,0.7921738,1,3
1990,0.77805507,1,2
1991,7.4641404e-11,1,3
1992,0.21001586,2,2
1992,0.9038887,2,2
1993,0.68383139,1,3
1994,0.15634897,1,1
1995,0.069076203,1,3
1996,0.66136724,1,4
1997,0.0014990129,1,1
1998,0.88373786,4,3
1998,0.18118653,4,3
1998,0.41041765,4,3
1998,0.69864225,4,3
1999,0.70815092,1,2
2000,0.14175941,2,2
2000,0.19781657,2,2
2001,0.49487764,2,1
2001,0.92745811,2,1
2002,0.92376572,2,2
2003,0.81457049,1,14
2004,0.47937384,2,2
2004,0.95442176,2,2
2005,0.38678294,1,2
2006,0.13900445,1,1
2007,0,2,67
2007,0.18875992,2,67
2008,0.64581656,1,3
2009,0.81009853,1,3
2010,0.59594887,1,5
2011,0.57732242,2,6
2011,0.10206424,2,6
2012,0.2521596,1,1
2013,0.0012401699,2,3
2013,0.15739791,2,3
2014,0.75913948,2,4
2014,0.75949144,2,4
2015,0.55875558,11,1
2015,1.1312283e-07,11,1
2015,0.11145983,11,1
2015,0.17930581,11,1
2015,0.98733497,11,1
2015,0.077938899,11,1
2015,0.3691605,11,1
2015,0.00080169033,11,1
2015,0.49635562,11,1
2015,0.047746688,11,1
2015,2.2245207e-08,11,1
2016,0.73902005,2,3
2017,0.033367991,1,3
2018,0.10933741,2,2
2018,0.58109879,2,2
2019,0.41546655,1,5
2020,0.78217328,1,2
2021,0.070055954,3,3
2021,0.87037289,3,3
2021,0.99770647,3,3
2022,0.00015650582,5,3
2022,0.87945813,5,3
2022,8.4005518e-07,5,3
2022,0.8134954,5,3
2022,0.99527305,5,3
2023,0.63148153,1,5
2024,0.069786921,1,4
2025,0.2486247,1,1
2026,0.35060295,1,3
2027,0.41794112,1,2
2028,0.9879294,2,15
2028,0.28949305,2,15
2029,0.14243691,2,5
2029,0.44171193,2,5
2030,0.83953178,2,2
2030,0.24813457,2,2
2031,0.82089502,1,2
2032,0.31348628,2,3
2032,0.64164042,2,3
2033,0.44802329,2,4
2033,0.51367956,2,4
2034,0.84249294,1,2
2035,0.27671224,1,2
2036,0.88613135,1,4
2037,0.33378428,2,3
2037,0.043776866,2,3
2038,0.58645004,2,2
2038,0.86060798,2,2
2039,0.99874514,1,6
2040,0.45651731,1,3
2041,0.62222475,1,1
2042,0.50441831,1,20
2043,0.086110748,1,1
2044,0.76096559,1,3
2045,2.1005941e-05,2,2
2045,0.73328066,2,2
2046,0.16664155,1,5
2047,0.64425832,1,4
2048,0.0093696956,1,14
2049,0.94692069,1,1
2050,0.45770088,5,2
2050,0.042718749,5,2
2050,0.4071494,5,2
2050,0.62806827,5,2
2050,0.47873205,5,2
2051,0.78661096,2,3
2051,0.89812195,2,3
2052,0.7302947,1,3
2053,0.016405985,1,2
2054,0.66351157,1,2
2055,0.0035045035,1,6
2056,0.47693351,1,1
2057,0.20724545,1,2
2058,0.73753351,1,3
2059,0.28301886,1,2
2060,0,5,2
2060,0.333702,5,2
2060,0,5,2
2060,0,5,2
2060,0,5,2
2061,1.8478976e-06,1,1
2062,0.17931709,1,10
2063,0.77305818,3,14
2063,0.63890821,3,14
2063,0.66319877,3,14
2064,0.35677326,3,14
2064,0.9812386,3,14
2064,0.47066084,3,14
2065,0.25332433,1,1
2066,0.5864076,1,2
2067,0.095749557,1,2
2068,0.81626123,4,4
2068,0.12586302,4,4
2068,0.3724786,4,4
2068,0.22022808,4,4
2069,0,7,4
2069,0.37351692,7,4
2069,0,7,4
2069,0.55549186,7,4
2069,0.39520678,7,4
2069,0,7,4
2069,0,7,4
2070,0.57851571,1,1
2071,0.21439719,1,1
2072,0.34971851,1,3
2073,0.022730805,1,2
2074,0,2,4
2074,0,2,4
2075,0.94913656,1,2
2076,0.78494573,1,1
2077,0.31521416,4,1
2077,0.031665623,4,1
2077,0.0026112755,4,1
2077,0.058863889,4,1
2078,0.96444088,1,4
2079,7.2329236e-15,1,2
2080,0.98896641,1,2
2081,2.2599844e-25,2,2
2081,0.2603789,2,2
2082,0.043973483,3,6
2082,0.44667378,3,6
2082,0.00013832256,3,6
2083,4.6843066e-08,1,1
2084,0.31375009,1,3
2085,0.26479009,1,3
2086,0.73282486,1,5
2087,0.95047915,3,24
2087,0.93429559,3,24
2087,0.13640337,3,24
2088,0.15430041,1,2
2089,0.23030372,4,2
2089,0.62059724,4,2
2089,0.44528502,4,2
2089,0.34188813,4,2
2090,0.82635975,1,5
2091,0.46965089,1,3
2092,0.21841373,1,2
2093,3.3481494e-05,1,12
2094,0.58219308,3,5
2094,0.0073863924,3,5
2094,0.0012618332,3,5
2095,0.49942502,1,2
2096,0.19187874,2,6
2096,0.4154785,2,6
2097,0.75094622,1,3
2098,0.095592335,1,20
2099,0.76752257,3,6
2099,0.20755757,3,6
2099,0.82607412,3,6
2100,0.26407698,1,2
2101,0.82644206,2,5
2101,0.64993823,2,5
2102,0.52842629,1,1
2103,0.13885492,3,36
2103,0.049807411,3,36
2103,0.29567546,3,36
2104,0.90841007,1,3
2105,0.98643237,1,3
2106,0.067812562,5,3
2106,0.28027877,5,3
2106,0.89155,5,3
2106,0.73150885,5,3
2106,0.87715495,5,3
2107,0.71348792,1,9
2108,0.098212793,1,6
2109,0.001480188,1,1
2110,0.021563534,3,2
2110,0.30042872,3,2
2110,0.074051768,3,2
2111,0.68481266,1,3
2112,0.60242414,2,2
2112,0.36401322,2,2
2113,0.19694631,1,1
2114,0.74796754,1,1
2115,0.73221457,3,4
2115,0.3026109,3,4
2115,0.83602577,3,4
2116,0.93695015,1,6
2117,1.2192826e-09,1,12
2118,0.078921713,1,3
2119,0.96456027,1,1
2120,0.51980364,1,3
2121,0.0010024769,2,14
2121,5.5711317e-24,2,14
2122,0.86582464,1,3
2123,0.044704296,1,3
2124,0.84690046,3,5
2124,0.61042684,3,5
2124,0.57133138,3,5
2125,0.91775709,4,3
2125,0.31048945,4,3
2125,0.52242583,4,3
2125,0.98380625,4,3
2126,0.045967001,1,3
2127,0.15399098,2,3
2127,0.11614797,2,3
2128,0.17948551,5,1
2128,0.39911884,5,1
2128,0.87897658,5,1
2128,0.82816863,5,1
2128,0.85768104,5,1
2129,0.62497324,2,10
2129,0.9344787,2,10
2130,0.65444857,1,2
2131,0.37733507,1,4
2132,0.30889493,1,2
2133,0.20420611,1,14
2134,0.51028216,1,3
2135,0.023605034,1,4
2136,0.4192346,2,2
2136,0.12414688,2,2
2137,0.0087922662,2,2
2137,0.018237108,2,2
2138,1.1867606e-26,1,7
2139,0.21989478,1,6
2140,0.57307726,3,3
2140,0.46724632,3,3
2140,0.80032438,3,3
2141,4.0805833e-18,1,17
2142,7.5808094e-07,1,3
2143,0.23297721,1,5
2144,0.63420773,1,6
2145,0.024317024,1,3
2146,0.13781351,1,2
2147,0.55889183,1,10
2148,0.43044326,4,3
2148,0.0012740876,4,3
2148,0.00024450375,4,3
2148,0.62583691,4,3
2149,0.84967393,1,5
2150,0.92682397,1,2
2151,0.030864788,1,3
2152,0.66964781,3,2
2152,0.87719572,3,2
2152,0.10107975,3,2
2153,4.7441513e-09,1,6
2154,0.69376451,1,3
2155,0.055754524,1,2
2156,0.28920043,2,2
2156,0.02122099,2,2
2157,0.20015,1,4
2158,0.45531598,4,2
2158,0.17333092,4,2
2158,0.65181988,4,2
2158,0.60568255,4,2
2159,0.002199447,4,5
2159,0.12778376,4,5
2159,0.19721301,4,5
2159,0.038506728,4,5
2160,0.0076264688,1,1
2161,0.068300366,1,1
2162,0.42097676,5,5
2162,0.82412094,5,5
2162,0.8276006,5,5
2162,0.011055669,5,5
2162,0.62911206,5,5
2163,0.87891978,4,2
2163,0.98836809,4,2
2163,0.48184529,4,2
2163,0.241831,4,2
2164,0.88853264,1,6
2165,0.82484227,1,2
2166,0.68113303,1,4
2167,0.50838333,1,2
2168,0.11923778,1,4
2169,0.26626846,1,3
2170,0.29012328,4,2
2170,0.6900472,4,2
2170,0.023880295,4,2
2170,0.93458033,4,2
2171,0.51123208,1,7
2172,0.15853322,1,3
2173,0.85574567,2,3
2173,4.7628038e-07,2,3
2174,0.00097715401,1,7
2175,0.45770442,2,2
2175,0.70793325,2,2
2176,0.55841881,1,1
2177,0.13721801,1,5
2178,0.046814166,1,1
2179,0.41061828,1,2
2180,4.1127557e-18,3,8
2180,4.391905e-22,3,8
2180,1.8926513e-18,3,8
2181,0.81072009,1,8
2182,0.86265051,1,7
2183,0.13773087,1,1
2184,0.81866997,1,7
2185,0.044188999,5,4
2185,0.0075802607,5,4
2185,0.64677101,5,4
2185,3.3530177e-06,5,4
2185,0.28165466,5,4
2186,0.8476541,1,3
2187,0.026089793,6,6
2187,0.43261421,6,6
2187,0.82532376,6,6
2187,0.42254782,6,6
2187,0.037080377,6,6
2187,0.0017957488,6,6
2188,0.3781763,1,2
2189,0.5430001,1,2
2190,2.3665102e-08,3,6
2190,0.49437565,3,6
2190,5.2027976e-10,3,6
2191,0.23802195,1,2
2192,0.30432686,1,2
2193,0.23941848,3,1
2193,0.83275819,3,1
2193,0.72964907,3,1
2194,0.84615797,1,1
2195,0.86943626,1,4
2196,0.68751395,1,2
2197,0.73719013,1,3
2198,0.49722937,1,7
2199,0.49703842,1,4
2200,0.30253512,1,5
2201,0.93091333,1,2
2202,0.35132027,4,2
2202,0.039321117,4,2
2202,0.50619274,4,2
2202,0.049980588,4,2
2203,0.0070957309,2,3
2203,0.070880942,2,3
2204,0.4519642,8,4
2204,0.99554247,8,4
2204,0.031346638,8,4
2204,0.64737284,8,4
2204,0.22859848,8,4
2204,0.067289315,8,4
2204,0.21665491,8,4
2204,0.29617459,8,4
2205,0,1,6
2206,0.76515943,1,2
2207,0.11080439,5,1
2207,0.16001639,5,1
2207,0.39111349,5,1
2207,0.6455977,5,1
2207,0.081920683,5,1
2208,0.012407751,1,7
2209,0.95597464,1,2
2210,0,3,2
2210,6.3270632e-36,3,2
2210,3.379122e-08,3,2
2211,0.82945591,1,4
2212,0.27481255,1,2
2213,0.064359985,1,18
2214,0.090251826,1,1
2215,0.49153423,1,2
2216,0.24157798,5,4
2216,0.69647521,5,4
2216,0.50516564,5,4
2216,0.34033337,5,4
2216,0.61492807,5,4
2217,1.2725813e-19,3,1
2217,3.2698498e-15,3,1
2217,1.4000675e-34,3,1
2218,0.22121421,1,3
2219,0.82152438,1,7
2220,0.54937965,1,2
2221,0.27067536,1,2
2222,0.89070052,2,2
2222,0.59648103,2,2
2223,0.098571479,1,1
2224,0.46521047,1,7
2225,6.7163045e-32,3,3
2225,2.2242826e-13,3,3
2225,5.7724381e-10,3,3
2226,0.063908175,1,2
2227,0.91255742,2,1
2227,0.75907236,2,1
2228,0.28856382,2,4
2228,0.56740481,2,4
2229,0.014565195,3,1
2229,0.84367371,3,1
2229,0.0042497595,3,1
2230,0.71954751,1,4
2231,0,1,2
2232,0.12031183,1,1
2233,0.30627415,7,3
2233,0.0037122653,7,3
2233,0.046608653,7,3
2233,0.20230478,7,3
2233,0.0046616984,7,3
2233,0.67201591,7,3
2233,0.84749806,7,3
2234,0.85585934,1,1
2235,0.6876958,1,9
2236,0.17822799,1,3
2237,0.96049982,1,1
2238,0.8887946,3,3
2238,0.66823757,3,3
2238,0.29563043,3,3
2239,2.5383461e-06,1,2
2240,0.19933638,4,2
2240,0.0077630919,4,2
2240,0.15637611,4,2
2240,0.065864213,4,2
2241,0.60720402,1,7
2242,0.30629376,2,3
2242,0.038588703,2,3
2243,0.53060824,7,3
2243,0.43173647,7,3
2243,0.85491925,7,3
2243,0.035466965,7,3
2243,0.46744522,7,3
2244,0.86900103,1,8
2245,0.4013322,1,4
2246,0.64619374,1,8
2247,0.37872139,2,2
2248,0.0064763795,15,4
2248,0.022169011,15,4
2248,0.037979726,15,4
2248,0.11702471,15,4
2248,0.026810383,15,4
2248,0.060182333,15,4
2248,0.097991288,15,4
2248,0.013821247,15,4
2248,0.10021496,15,4
2248,0.049965195,15,4
2248,0.031171354,15,4
2248,0.026160255,15,4
2248,0.35908091,15,4
2248,0.1027785,15,4
2248,0.003695128,15,4
2249,0.88858378,1,9
2250,0.54798341,2,4
2250,0.38088861,2,4
2251,0.0099937078,1,2
2252,0.10413645,1,9
2253,0.41269657,2,8
2253,0.62733471,2,8
2254,0.2283783,3,2
2254,0.81923097,3,2
2254,0.8934989,3,2
2255,0.50469106,2,2
2255,0.11890942,2,2
2256,2.3933044e-10,1,2
2257,0.23368374,2,4
2257,0.73017138,2,4
2258,0.38349015,2,1
2259,0.66227835,1,1
2260,0.16717389,1,13
2261,0.95880127,3,2
2261,0.49397829,3,2
2261,0.59774011,3,2
2262,0.095956817,1,1
2263,0.80056596,1,3
2264,0.00031078621,5,6
2264,1.7857815e-07,5,6
2264,1.1071696e-21,5,6
2264,0.4307819,5,6
2264,0.042063389,5,6
2265,0.00016879094,3,2
2265,0.068611532,3,2
2265,0.1744372,3,2
2266,0.3101826,1,4
2267,0.48856404,2,5
2267,0.52619874,2,5
2268,0.0091394931,2,10
2268,0.26014036,2,10
2269,0.029106688,1,6
2270,9.2294031e-15,2,2
2270,0.52067286,2,2
2271,0.4492304,1,1
2272,0.73373044,1,5
2273,0.23744799,1,2
2274,0.34458143,1,3
2275,0.60835129,1,2
2276,0.30056199,3,3
2276,0.19303237,3,3
2276,0.63349336,3,3
2277,0.54601091,1,1
2278,0.12689804,2,2
2279,0.044260256,1,5
2280,0.0021018437,1,1
2281,0.43055311,5,3
2281,0.78049433,5,3
2281,0.88856477,5,3
2281,0.44569564,5,3
2281,0.22653167,5,3
2282,0.31077269,2,2
2282,0.18866903,2,2
2283,0.14071885,1,3
2284,0.49785575,2,21
2284,0.42790836,2,21
2285,0.80226278,1,3
2286,0.42709738,1,3
2287,0.39470893,1,1
2288,0.62007296,1,5
2289,5.8627032e-09,1,2
2290,0.62550658,1,3
2291,0.33242917,1,2
2292,8.8477485e-05,1,8
2293,0.43605584,2,3
2293,0.66153824,2,3
2294,1.5778119e-07,1,2
2295,0.86296409,1,1
2296,0.36281851,1,5
2297,0.55205166,3,2
2297,0.50319558,3,2
2297,0.38382062,3,2
2298,0.20950304,1,33
2299,1.8003672e-10,1,2
2300,0.91580617,1,3
2301,0.54345798,2,4
2301,0.22795378,2,4
2302,0.52748609,3,5
2302,0.64765394,3,5
2302,0.35957301,3,5
2303,0.35386217,3,3
2303,0.073061794,3,3
2303,0.89382088,3,3
2304,0.51136404,5,6
2304,0.98830706,5,6
2304,0.3891308,5,6
2304,0.5124293,5,6
2304,0.9889847,5,6
2305,0.031677142,2,2
2306,0.1126437,1,2
2307,0.79973906,1,3
2308,0.075248122,1,6
2309,0.17315361,1,3
2310,3.3333792e-15,2,2
2310,2.3860081e-26,2,2
2311,0.014739627,2,3
2311,0.12036391,2,3
2312,0.64192235,3,4
2312,0.73534954,3,4
2312,0.26105192,3,4
2313,0.069692075,2,4
2313,0.23359659,2,4
2314,0.82494652,2,6
2314,0.72737634,2,6
2315,0.77226865,2,3
2315,0.31580436,2,3
2316,0.0056183585,4,5
2316,0.15115365,4,5
2316,0.006934518,4,5
2316,0.022524748,4,5
2317,0.00013136854,1,3
2318,0.20220712,2,2
2318,0.18215035,2,2
2319,0.93341315,1,5
2320,0.73182625,2,2
2320,0.61577147,2,2
2321,0.96916515,1,2
2322,0.77280426,1,2
2323,0.74172157,4,2
2323,0.77282578,4,2
2323,0.86304569,4,2
2323,0.16062185,4,2
2324,0.35610235,2,2
2324,0.14592555,2,2
2325,0.667171,1,2
2326,0.14224917,3,2
2326,0.1397206,3,2
2326,0.73470175,3,2
2327,0.1507417,1,2
2328,0,2,4
2328,0,2,4
2329,0.99028289,1,4
2330,0.26340562,1,1
2331,0.75582337,1,9
2332,0.34515917,1,1
2333,0.30629218,1,2
2334,0.55533677,1,9
2335,0.66185915,1,3
2336,0.0048932876,1,2
2337,0.042230271,1,3
2338,0.25556949,1,2
2339,0.56338948,1,2
2340,0.33985263,1,7
2341,0.99579728,1,3
2342,0.46332258,1,2
2343,0.43423682,1,46
2344,0.66723561,1,13
2345,0.93463331,1,3
2346,0.65578198,2,3
2346,0.59979349,2,3
2347,0.46816775,1,5
2348,0.002014386,1,3
2349,0.018055344,1,6
2350,0.24598496,2,10
2350,0.12035603,2,10
2351,0.84333968,2,1
2351,0.24174467,2,1
2352,0.5480693,1,1
2353,0.97329593,2,3
2353,0.68003595,2,3
2354,0.60856956,1,3
2355,0.25778022,1,5
2356,0.29544228,1,2
2357,0.58088434,1,2
2358,0.047886115,1,2
2359,6.7102752e-05,4,1
2359,7.3824339e-07,4,1
2359,0.0027463506,4,1
2359,0.0013079321,4,1
2360,0.17509714,1,2
2361,0.022347866,1,2
2362,0.68706143,1,1
2363,0.26807514,2,5
2363,0.94857514,2,5
2364,0.52037638,1,5
2365,0.39191708,1,1
2366,0.040300265,2,2
2366,0.097532213,2,2
2367,0.93182659,1,2
2368,0.23651657,1,3
2369,0.33770269,1,1
2370,0.082932979,3,8
2370,0.4451625,3,8
2370,0.10057492,3,8
2371,0.052105412,1,3
2372,0.62726009,1,4
2373,0.20581912,1,1
2374,0.46188042,1,3
2375,0.83745801,1,1
2376,0.40552118,1,5
2377,0.37657836,1,6
2378,0.35854673,2,3
2378,0.21062005,2,3
2379,0.30917591,1,4
2380,0.37762004,2,6
2380,0.53697711,2,6
2381,0.97168165,1,8
2382,0.01854644,1,5
2383,0.2385162,1,2
2384,0.82733089,1,1
2385,0.61657089,1,1
2386,0.86127049,2,7
2386,0.86787897,2,7
2387,6.9176225e-05,1,5
2388,0.80464756,1,3
2389,0.86675256,8,6
2389,0.18293391,8,6
2389,0.19316421,8,6
2389,0.22457366,8,6
2389,0.55009639,8,6
2389,0.82062191,8,6
2389,0.95968992,8,6
2389,0.0080207111,8,6
2390,0.19054008,4,19
2390,0.56836975,4,19
2390,0.46717885,4,19
2390,0.58971566,4,19
2391,0.42625558,1,2
2392,0.17796199,1,3
2393,0.74348378,1,12
2394,0.2013367,1,2
2395,0.60811722,1,2
2396,0.33729091,2,2
2396,0.031275,2,2
2397,0.38358614,1,2
2398,0.71868718,1,3
2399,0.9398759,2,2
2399,0.56580299,2,2
2400,0.55960786,1,1
2401,0.0042617559,1,3
2402,7.007405e-17,1,6
2403,0.89766699,1,1
2404,0.1132345,1,3
2405,0.26921383,2,21
2405,0.76407814,2,21
2406,0.8579092,1,2
2407,0.64763087,1,5
2408,6.0037687e-06,1,4
2409,0.51025712,1,2
2410,0.75233865,1,1
2411,0.69035625,1,3
2412,0.37741452,2,2
2412,0.30431148,2,2
2413,0.19041367,1,3
2414,8.9119636e-23,1,2
2415,0.22030888,3,3
2415,0.0059644673,3,3
2415,0.010893906,3,3
2416,0.00022977203,1,5
2417,0.15811175,3,3
2417,0.057174277,3,3
2417,0.3924545,3,3
2418,0.85092795,2,2
2418,0.40297285,2,2
2419,0.58304256,1,1
2420,0.38812962,4,7
2420,0.0020834319,4,7
2420,0.22792651,4,7
2420,0.025543943,4,7
2421,0.4128207,1,6
2422,0.30980647,1,3
2423,0.037896026,1,2
2424,0.060908761,2,7
2424,5.6450234e-28,2,7
2425,0.2459065,1,1
2426,0.036243048,4,24
2426,0.014733823,4,24
2426,0.14210501,4,24
2426,0.33341935,4,24
2427,0.7239942,1,6
2428,0.1533846,1,2
2429,0.20896113,1,5
2430,0.11219171,2,8
2430,0.49054551,2,8
2431,0.17286012,1,2
2432,0.20811428,6,4
2432,0.14044183,6,4
2432,0.036256529,6,4
2432,0.91405308,6,4
2432,0.31108585,6,4
2432,0.12312153,6,4
2433,0.094063841,1,16
2434,0.57715076,2,7
2434,0.15355854,2,7
2435,0.282419,1,6
2436,0.096375547,2,2
2436,0.24092008,2,2
2437,0.030725224,1,3
2438,0.22321907,1,4
2439,0.29943058,1,3
2440,3.1413212e-21,1,1
2441,0.18616644,2,12
2441,0.12233618,2,12
2442,0.27189195,1,1
2443,0.72630972,2,8
2443,0.79010671,2,8
2444,0.4794721,1,1
2445,0.58298004,1,2
2446,0.59438759,3,2
2446,0.15537776,3,2
2446,0.70822334,3,2
2447,0.16024779,1,3
2448,0.84982073,1,6
2449,0.63809276,1,1
2450,0.33952963,2,4
2450,0.89037573,2,4
2451,0.032366399,1,1
2452,8.9607022e-35,2,3
2452,0,2,3
2453,0.10854164,1,1
2454,0.23811969,5,4
2454,0.196908,5,4
2454,0.26244852,5,4
2454,0.32644689,5,4
2455,3.8115906e-09,2,3
2455,0.93799257,2,3
2456,5.3175681e-06,1,7
2457,0.40887788,1,4
2458,0.23717409,1,3
2459,0.31488898,3,2
2459,0.64294308,3,2
2459,0.72033262,3,2
2460,0.20400818,2,3
2460,0.70268887,2,3
2461,0.9466024,1,2
2462,0.42974246,1,3
2463,0.21748018,7,4
2463,0.35389522,7,4
2463,0.87797588,7,4
2463,0.74537331,7,4
2463,0.41354597,7,4
2463,0.20363337,7,4
2463,0.18921261,7,4
2464,0.0392862,2,3
2464,0.0036703248,2,3
2465,0.21093185,1,3
2466,0.7102887,1,2
2467,0.03963922,1,3
2468,0.042334326,2,3
2468,0.15300924,2,3
2469,0.079067297,1,2
2470,0.13759236,4,8
2470,0.44643632,4,8
2470,0.60912955,4,8
2470,0.62754899,4,8
2471,0.25678542,1,4
2472,0.5584535,3,14
2472,2.6107398e-05,3,14
2472,0.048094232,3,14
2473,0.19842383,1,7
2474,2.6267182e-06,2,20
2474,0.012919651,2,20
2475,0.0003683276,2,2
2475,0.00022397233,2,2
2476,0.55703533,1,1
2477,1.97342e-06,1,2
2478,1.002584e-09,3,3
2478,1.365296e-13,3,3
2478,1.8646644e-13,3,3
2479,0.70281553,1,3
2480,0.99061769,2,3
2480,0.17987043,2,3
2481,0.65001941,1,1
2482,0.15044546,5,15
2482,0.66672158,5,15
2482,0.027320122,5,15
2482,0.087559491,5,15
2482,0.52833492,5,15
2483,0.10322105,1,3
2484,0.070990659,2,2
2484,1.0307239e-24,2,2
2485,0.69515884,1,6
2486,0.26353395,1,1
2487,0.22093172,1,7
2488,0.54919779,1,1
2489,0.84835082,1,57
2490,0.013033052,1,2
2491,0.073002592,1,5
2492,0.80208415,1,3
2493,0.58501828,4,2
2493,0.31223226,4,2
2493,0.29655135,4,2
2493,0.59115088,4,2
2494,0.1767043,8,2
2494,0.27808166,8,2
2494,0.078083023,8,2
2494,0.32503125,8,2
2494,0.23620941,8,2
2494,0.34908822,8,2
2494,0.073668733,8,2
2494,0.30516279,8,2
2495,0.89822888,1,5
2496,0.29397509,1,3
2497,0.37200817,1,3
2498,0.4797565,1,1
2499,0.0027449301,1,2
2500,0.59353358,1,1
2501,0.5938313,1,1
2502,0.24571215,1,1
2503,0.56988388,2,8
2504,0.90575427,1,3
2505,0.65084195,2,1
2505,0.20119558,2,1
2506,0.083142795,1,4
2507,0.24978362,2,2
2507,0.63388592,2,2
2508,0.11234203,3,2
2508,0.24375221,3,2
2508,0.52277571,3,2
2509,6.3142469e-15,1,5
2510,0.52464718,1,2
2511,0.25947127,3,2
2511,0.14375369,3,2
2511,0.21842812,3,2
2512,0.0044215252,1,5
2513,0.92785919,1,2
2514,0.13489282,1,3
2515,0.86522704,1,4
2516,0.70695716,3,1
2516,0.28132275,3,1
2516,0.69245225,3,1
2517,0.92273438,1,2
2518,0.98625106,2,6
2518,0.53646332,2,6
2519,0.19022049,1,2
2520,0.38076809,2,1
2520,0.023389645,2,1
2521,0.076478049,1,3
2522,0.71007484,3,2
2522,0.41762552,3,2
2522,0.33936191,3,2
2523,0.97944796,2,2
2523,0.29187357,2,2
2524,0.53608799,1,2
2525,0.35064861,1,5
2526,0.62541419,3,6
2526,0.16462991,3,6
2526,0.00042783702,3,6
2527,0.66808856,1,3
2528,0.061420176,1,6
2529,0.41118094,1,2
2530,0.6981703,1,1
2531,0.7386362,2,1
2531,0.71936423,2,1
2532,0.023165883,1,2
2533,0.06026265,8,5
2533,0.17416413,8,5
2533,0.59830326,8,5
2533,0.62116706,8,5
2533,0.93520236,8,5
2533,0.47815159,8,5
2533,0.044188295,8,5
2533,0.71011078,8,5
2534,0.031413399,1,1
2535,0.85997707,1,1
2536,0.26954502,1,2
2537,0.035261579,4,5
2537,0.012871045,4,5
2537,0.0053931875,4,5
2537,0.0063060764,4,5
2538,0.34416077,1,4
2539,0.50143701,1,10
2540,0.74348211,1,1
2541,0.27661943,1,2
2542,0.63788199,1,1
2543,0.87895381,3,2
2543,0.88800263,3,2
2543,1.751454e-06,3,2
2544,0.55830318,1,5
2545,0.90256679,1,3
2546,0.011535116,1,2
2547,0.88903791,1,2
2548,0.26788729,2,2
2548,0.17507267,2,2
2549,0.81861919,2,2
2549,0.75299537,2,2
2550,0.31474566,1,2
2551,0.29984772,1,2
2552,0.29059476,1,10
2553,0.34085491,2,2
2553,0.99016863,2,2
2554,0.053680755,1,3
2555,0.15787336,1,4
2556,0.29706475,1,2
2557,0.95400977,1,4
2558,0.79563028,4,2
2558,0.06831871,4,2
2558,0.54414654,4,2
2558,0.98655754,4,2
2559,0.11749583,1,2
2560,0.87624705,1,5
2561,0.47635636,1,2
2562,0.53026199,1,5
2563,0.00015376585,3,2
2563,0.55249131,3,2
2563,0.00024667036,3,2
2564,0.00082469842,1,2
2565,0.16919141,1,2
2566,0.15965864,1,10
2567,0.8950901,1,3
2568,0.09638156,1,2
2569,0.26298085,1,11
2570,0.3980571,1,1
2571,0.064420454,4,8
2571,0.025417669,4,8
2571,3.0062576e-08,4,8
2571,0.015856395,4,8
2572,0.87307554,1,3
2573,0.34237087,1,5
2574,0.063870616,1,6
2575,0.00046265876,1,4
2576,0.79547298,1,3
2577,0.96495867,2,6
2577,0.037775543,2,6
2578,3.4430476e-33,1,1
2579,0.36448869,1,2
2580,0.92416281,2,7
2580,3.5292691e-09,2,7
2581,0,1,2
2582,0.69043916,1,2
2583,0.13127208,1,4
2584,0.087516665,1,6
2585,0.69759655,31,3
2585,0.36820146,31,3
2585,0.56550491,31,3
2585,0.56743604,31,3
2585,0.15912206,31,3
2585,0.92705911,31,3
2585,0.79053694,31,3
2585,0.93741834,31,3
2585,0.40743399,31,3
2585,0.6967755,31,3
2585,0.10706125,31,3
2585,0.64498538,31,3
2585,0.40663669,31,3
2585,0.89617574,31,3
2585,0.60297263,31,3
2585,0.40183768,31,3
2585,0.44572508,31,3
2585,0.47150993,31,3
2585,0.046855595,31,3
2585,0.72394907,31,3
2585,0.95329887,31,3
2585,0.68004596,31,3
2585,0.87452096,31,3
2585,0.52968019,31,3
2585,0.16340736,31,3
2585,0.79862708,31,3
2585,0.98692721,31,3
2585,0.33614776,31,3
2585,0.68895084,31,3
2585,0.59017348,31,3
2585,0.52930373,31,3
2586,0.29649565,1,1
2587,0.8291586,1,4
2588,2.9748937e-05,1,2
2589,0.058719341,1,6
2590,0.11663461,1,5
2591,0.72590548,1,2
2592,0.17348045,2,1
2592,0.81064206,2,1
2593,0.22410148,1,3
2594,0.85454863,1,3
2595,0.51548737,1,8
2596,8.8534563e-08,1,2
2597,0.14260106,1,3
2598,0.29617789,1,1
2599,0.84192109,3,3
2599,0.84649605,3,3
2599,0.20424506,3,3
2600,0.91394275,1,1
2601,0.34337807,6,3
2601,0.026954336,6,3
2601,0.40505037,6,3
2601,0.38869193,6,3
2601,0.77805895,6,3
2601,0.89314276,6,3
2602,0.62075955,2,6
2602,0.95472276,2,6
2603,0.1497391,1,7
2604,0.12987584,3,2
2604,0.49376985,3,2
2604,0.52688515,3,2
2605,0.69737905,2,14
2605,0.83603197,2,14
2606,0.81470287,1,3
2607,0.00083413569,1,3
2608,0.73501807,1,1
2609,0.70714849,3,2
2609,0.81927508,3,2
2609,0.5404253,3,2
2610,0.7716704,1,2
2611,0.5976373,1,2
2612,0.16995582,1,6
2613,0.96967113,1,22
2614,0.012620273,2,2
2614,0.66264534,2,2
2615,0.067626417,1,3
2616,1.9712583e-09,1,17
2617,0.68559623,1,2
2618,0.90636694,1,4
2619,0.062686011,2,10
2619,0.038821816,2,10
2620,0.71798617,1,16
2621,0.80132097,1,4
2622,0.83047622,2,4
2622,0.73744386,2,4
2623,0.33496466,2,3
2623,1.3507508e-25,2,3
2624,9.248341e-11,1,5
2625,0.033030435,1,1
2626,0.73043406,2,3
2626,0.28587386,2,3
2627,0.055302244,3,4
2627,0.28382283,3,4
2628,0.39699093,1,2
2629,0.6646542,1,1
2630,0.82006079,1,3
2631,0.9073081,1,7
2632,0.10699873,1,3
2633,0.19310255,1,4
2634,0.012019586,1,2
2635,0.62762398,1,3
2636,0.63703656,1,2
2637,0.52744246,1,17
2638,0.25327232,2,10
2638,0.35744277,2,10
2639,0.31474799,2,3
2639,0.017217729,2,3
2640,0.70243281,1,14
2641,0.4505817,4,8
2641,0.63077855,4,8
2641,0.072287254,4,8
2641,0.50218618,4,8
2642,0.60020506,1,1
2643,0.97980702,1,2
2644,0.47061417,1,2
2645,0.30819333,1,2
2646,0.63733286,1,2
2647,0,3,7
2647,0,3,7
2647,0,3,7
2648,0.18815672,1,3
2649,0.81033397,2,3
2649,0.34453189,2,3
2650,0.085757993,1,3
2651,0.19050092,1,6
2652,0.87059754,4,6
2652,0.98782623,4,6
2652,0.2178527,4,6
2652,0.92247009,4,6
2653,0.72873729,1,2
2654,0.14416377,1,1
2655,0.86341894,5,5
2655,0.26434737,5,5
2655,0.98104286,5,5
2656,0.91625971,1,17
2657,0.44600478,1,1
2658,0.047793075,1,2
2659,0.88488519,1,4
2660,0.5794453,2,16
2660,0.62424862,2,16
2661,0.010605562,1,4
2662,0.042649742,1,2
2663,0.79877013,1,1
2664,0.048340514,1,1
2665,0.10439029,4,5
2665,0.20389608,4,5
2665,0.081801511,4,5
2665,0.2688725,4,5
2666,0.17050333,1,2
2667,0.21831776,4,4
2668,0.47877112,1,5
2669,0.11832593,1,3
2670,0.14858948,1,2
2671,0.58342826,1,1
2672,0.53529412,1,8
2673,0.40564337,1,2
2674,0.10778714,1,3
2675,0.97533482,1,2
2676,0.0095292153,1,3
2677,0.15458837,1,1
2678,0.58473724,1,4
2679,0.57036275,1,14
2680,0.19721687,1,2
2681,0.71866769,1,4
2682,0.71937442,1,3
2683,0.67087692,1,3
2684,0.27520654,1,2
2685,0.68096715,3,2
2685,0.58592111,3,2
2685,0.017834658,3,2
2686,0.074071869,1,1
2687,0.7047683,1,10
2688,0.4022125,1,4
2689,0.41149282,1,3
2690,0.00086905737,1,4
2691,0.42720485,2,12
2691,0.59283966,2,12
2692,0.83738619,1,2
2693,0.43750268,1,3
2694,0.79073346,2,15
2694,0.24533036,2,15
2695,0.12506728,2,3
2695,0.58955556,2,3
2696,0.71699291,1,3
2697,5.4573189e-23,1,3
2698,0.66856652,1,10
2699,0.58438551,6,4
2699,0.30779144,6,4
2699,0.39166465,6,4
2699,0.018118905,6,4
2699,0.025132852,6,4
2699,0.10429646,6,4
2700,0.38040355,1,2
2701,0.46747458,2,7
2701,0.68304211,2,7
2702,0.0015095985,1,1
2703,0.84936076,1,2
2704,0.19770613,3,5
2704,0.48618078,3,5
2704,0.55793613,3,5
2705,0.080464043,2,2
2705,0.47706443,2,2
2706,0.38489196,1,2
2707,0.8971166,2,2
2707,0.47104076,2,2
2708,0.1977095,1,5
2709,0.58488137,1,2
2710,0.81168079,1,6
2711,6.0592845e-18,3,3
2711,1.2397437e-18,3,3
2711,1.5847503e-17,3,3
2712,0,2,2
2713,0.19211487,2,1
2714,0.61096698,1,3
2715,0.046292938,1,4
2716,1.3480709e-32,1,1
2717,0.82640684,1,6
2718,0.23269179,1,3
2719,0.59133512,1,3
2720,0.72857648,1,4
2721,0.75449866,2,18
2721,0.4832187,2,18
2722,0.56868327,1,1
2723,0.34418118,1,3
2724,0.95469844,1,9
2725,0.23556267,1,1
2726,0.24937274,1,1
2727,0.052314725,1,2
2728,0.027061755,1,2
2729,0.92383593,1,2
2730,0.23358308,1,2
2731,0.21275964,1,3
2732,0.25481179,1,1
2733,0.38966694,1,3
2734,0.38554603,1,2
2735,0.29087558,1,4
2736,0.18311435,1,2
2737,0.34729928,4,10
2737,0.00016891924,4,10
2737,0.055657938,4,10
2737,0.00014948036,4,10
2738,3.4310712e-08,1,9
2739,5.1708209e-13,1,3
2740,0.061491251,2,2
2740,0.46117982,2,2
2741,0.79706752,1,2
2742,0.11267368,1,3
2743,0.64380091,1,2
2744,0.11465498,2,2
2744,0.86753726,2,2
2745,0.24716827,1,4
2746,0.33015651,1,2
2747,0.74415761,2,16
2747,0.26720887,2,16
2748,0.1448939,2,18
2748,0.89112371,2,18
2749,0.35760689,2,2
2749,0.9244262,2,2
2750,0.2831144,1,1
2751,0.13599347,2,10
2751,0.63815117,2,10
2752,0.55950356,1,3
2753,0.91588563,4,2
2753,0.031448621,4,2
2753,0.77588254,4,2
2753,0.00033147837,4,2
2754,0.05401456,1,1
2755,0.0029826856,1,2
2756,0.62985897,1,2
2757,0.62829787,1,1
2758,2.942711e-06,4,2
2758,1.4394427e-06,4,2
2758,0.0001189385,4,2
2758,4.0314694e-07,4,2
2759,0.36143482,1,2
2760,0.97433829,1,1
2761,0.44054443,1,1
2762,0.11427928,2,4
2762,0.48239896,2,4
2763,0.016791381,2,6
2763,0.072688378,2,6
2764,0.39607254,2,3
2764,0.71236759,2,3
2765,0.00066726946,3,3
2765,0.17410278,3,3
2765,0.0059923674,3,3
2766,0.21217987,1,11
