"group","X"
0,0.679463978856802
1,0.214361915247421
0,0.830126791726798
0,0.46518943249248
1,0.022633391479287
1,0.0184759970087725
0,0.515380631200969
1,0.0466821988367299
0,0.203020058805123
0,0.218096563359722
0,0.711294958600774
0,0.0703591469209641
1,0.00023512261030843
0,0.981717373244464
0,0.169122746214271
1,0.116347661742677
1,0.0486575648122994
0,0.212962578516454
0,0.851932294433936
0,0.143220420926809
0,0.50131885916926
0,0.256624843925238
1,0.0167687008757696
0,0.599277533823624
0,0.71162679954432
0,0.32540625333786
0,0.755521160084754
0,0.0571006538812071
1,0.15270156667018
0,0.422951159998775
0,0.371819754363969
0,0.978505097795278
1,0.0475249338012315
1,0.0179623221948971
0,0.0599838816560805
0,0.425068361219019
1,0.00605051602643096
0,0.808249108027667
0,0.564478758024052
0,0.192687234841287
1,0.12997654351535
0,0.86645018402487
0,0.804031857755035
0,0.569035393651575
1,0.00657373722018349
1,0.267320987989172
1,0.0124408243798967
0,0.634621175704524
0,0.342344783246517
1,0.240105343866878
0,0.908341329544783
0,0.612375423777848
0,0.0861959001049399
1,0.0539337951954449
0,0.923795049078763
1,0.0124461901053908
1,0.11850729681913
1,0.093168227396371
0,0.899927106685936
1,0.0205373705988819
1,0.106119477435927
1,0.0205922972264804
0,0.743374052224681
0,0.59026536042802
1,0.186869923850393
0,0.132854252820835
0,0.613536230521277
0,0.69954094151035
0,0.846606230130419
0,0.829041041666642
0,0.370917504886165
0,0.591204893076792
0,0.0197936149779707
0,0.28295158338733
0,0.880881139310077
1,0.0632935704984712
0,0.859989543212578
1,0.105652233559507
0,0.956485971342772
0,0.738394601037726
0,0.278930239146575
0,0.1373839545995
0,0.074092262191698
0,0.27780524850823
0,0.20744420052506
1,0.163728611768848
1,0.0584134478572666
0,0.056289893342182
1,0.0277010680604108
0,0.41900351177901
1,0.0316572695617489
0,0.434281075838953
0,0.287139857886359
0,0.504473497858271
0,0.340999725507572
0,0.934554667910561
0,0.897962102666497
0,0.602217464707792
0,0.69414345221594
0,0.66908584209159
0,0.291824547806755
0,0.785329120233655
1,0.0349618944693699
1,0.236049775070023
0,0.164823113940656
0,0.521227629855275
1,0.110875237268352
0,0.118455378571525
0,0.0813841263297945
0,0.887716417666525
0,0.223671657498926
1,0.163249691501588
0,0.39561380748637
0,0.417592460289598
1,0.0559329250402749
1,0.0598467935789539
1,0.047488088574968
0,0.188269490841776
1,0.0522002268015722
0,0.599432813469321
0,0.0486320832278579
0,0.726303073111922
1,0.216110578336547
1,0.0725209898988604
0,0.89556949143298
1,0.0253388275593664
0,0.29461355227977
0,0.738742600893602
0,0.311084423214197
0,0.45142488903366
0,0.853139025624841
1,0.0586018079858239
0,0.814459600718692
1,0.000693167751538427
0,0.667523137060925
0,0.0648266905918717
0,0.530763589544222
1,0.0439403754773716
0,0.794389783637598
0,0.147816919721663
0,0.83313160110265
0,0.54615801689215
0,0.588285678066313
0,0.397642359137535
0,0.865885691950098
1,0.018125888186508
0,0.782675831345841
0,0.536037979414687
0,0.201453269459307
0,0.45114662591368
0,0.614910762291402
0,0.25495917443186
1,0.00767408368085583
0,0.826786543475464
1,0.0390855676685751
0,0.219756701029837
1,0.128346864548939
0,0.386190519435331
0,0.236785310786217
0,0.564366673817858
1,0.0106327767352463
1,0.284601619543413
0,0.994845483219251
1,0.150412400408232
0,0.914613138884306
0,0.697678533848375
0,0.875962550519034
1,0.0447072040156995
0,0.55169566674158
0,0.515028377762064
1,0.182741677952776
0,0.44312506634742
0,0.222828566329554
1,0.24363969980492
0,0.0988497140351683
1,0.0244157905165601
0,0.175779385957867
0,0.861596608068794
0,0.608809563098475
0,0.864607418188825
1,0.44527958702338
0,0.792612287448719
1,0.0947150014775011
1,0.021460909717566
0,0.157225949922577
1,0.00675338066142149
0,0.307243320159614
1,0.0333535834058039
0,0.903149441583082
0,0.134341326542199
0,0.137048591626808
0,0.676304505206645
1,0.00486059152214948
0,0.92950260383077
0,0.168458583764732
0,0.836904288735241
0,0.383528105681762
0,0.534021596191451
0,0.759228249080479
0,0.949677399359643
1,0.0399348406334174
0,0.0448954203166068
0,0.128126807743683
1,0.0209250360968484
0,0.10037413216196
1,0.0390087065205567
0,0.538772010011598
0,0.848716646898538
0,0.264546522637829
0,0.414221389451995
1,0.296035684220495
0,0.842226197244599
1,0.00282728298448967
0,0.507238207152113
1,0.00754878620490814
0,0.369177770800889
0,0.614001860609278
0,0.488515073200688
0,0.906950556440279
0,0.268902329960838
0,0.159468920901418
1,0.0172768178837762
0,0.217599629657343
0,0.743404658511281
0,0.450562802609056
1,0.0031454348154458
1,0.00265091333868688
0,0.282963119912893
1,0.0220197223419326
1,0.213142182413296
0,0.458650029962882
0,0.325200772145763
1,0.109118815440141
0,0.264299244619906
1,0.0399198435204015
0,0.530721941730008
0,0.43077917653136
0,0.933358702342957
0,0.416161035187542
0,0.0331222764216363
1,0.0314165436583119
0,0.404074888909236
0,0.941844905493781
1,0.0497720567567848
1,0.012033231182605
1,0.102022684369916
0,0.3672978610266
0,0.112314619589597
0,0.230249411659315
0,0.795557104749605
1,0.092877263216047
0,0.112547707976773
0,0.650320393266156
0,0.447091590845957
1,0.118925962720203
0,0.465693189529702
0,0.837173515930772
0,0.814805143512785
0,0.980134866433218
0,0.377216963795945
1,0.0504592811975613
0,0.968449112959206
0,0.346742092398927
0,0.482640809612349
1,0.00495133126880019
0,0.0441475021652877
0,0.439693498890847
0,0.396249311976135
1,0.165027055193089
0,0.843418894102797
1,0.039965530528555
1,0.0739500984426849
1,0.0648411773761312
0,0.945992514723912
1,0.0220894562256192
0,0.0612328425049782
1,0.00908998063294997
0,0.1211930855643
0,0.620550317689776
0,0.161773188970983
0,0.200460737803951
1,0.0170853855778016
0,0.701499306131154
0,0.501288091996685
0,0.794002547161654
1,0.061113844399309
0,0.593026759102941
0,0.748716957168654
1,0.227040360464974
0,0.853123326320201
0,2.29824800044298e-05
0,0.982981733512133
1,0.0848671117143524
0,0.659838330000639
1,0.0425382276587743
0,0.461384340887889
0,0.884553815005347
0,0.0188493514433503
0,0.285459060920402
0,0.201017223065719
1,0.044464230093232
0,0.187869925284758
0,0.35863012005575
1,0.124369581356223
1,0.0755006979289202
0,0.30789032462053
0,0.295015703653917
0,0.0919620674103498
1,0.0322835960614145
0,0.611218251520768
0,0.243947596987709
0,0.0231184794101864
1,0.244906838766946
0,0.0692017676774412
0,0.345610320800915
0,0.898692580405623
0,0.134453481761739
0,0.549669506261125
1,0.0159739012037599
0,0.763086671708152
0,0.933674129424617
0,0.203163835918531
0,0.845080585917458
0,0.056916777510196
0,0.8984639281407
0,0.0487039950676262
0,0.130910682026297
0,0.809528436046094
0,0.324202630436048
0,0.0470450366847217
0,0.866716854274273
1,0.099374828758555
1,0.0559928269166403
0,0.270858125528321
0,0.657689117593691
0,0.67860509827733
0,0.240470769116655
0,0.12371927080676
1,0.0481528346534295
1,0.0763948712025731
1,0.102402219214564
1,0.099766220946533
1,0.00576794388183422
0,0.991199073148891
0,0.456784803420305
0,0.418705709977075
0,0.471754394937307
1,0.0426988703397107
0,0.25598131865263
0,0.0850691779050976
0,0.821647640317678
0,0.386153104715049
0,0.24040305824019
1,4.95362118935941e-05
0,0.808216832112521
1,0.265335054310848
1,0.0100105352560238
0,0.371674987487495
0,0.12273967359215
0,0.762233331333846
0,0.0146896163932979
0,0.781842812430114
0,0.591210888698697
0,0.152140442747623
0,0.245206408202648
0,0.306386907352135
0,0.673625305294991
0,0.23466390487738
1,0.0112009864753023
0,0.949438092764467
1,0.00679379218584822
0,0.727415829198435
0,0.470944154076278
0,0.751389939105138
0,0.593810452148318
0,0.450241405051202
0,0.91070673824288
1,0.050721951294203
0,0.782557145692408
0,0.626031461637467
0,0.851162548409775
0,0.972297312458977
0,0.665404129074886
0,0.697150143794715
0,0.264012299943715
0,0.929890874773264
0,0.137201682198793
0,0.217092942912132
1,0.0289222324385247
1,0.0252590911793672
1,0.0490126859870449
1,0.0467175617863408
0,0.728857686044648
0,0.221457429463044
0,0.205118478508666
0,0.937305252999067
0,0.723459212575108
1,0.0332080374279395
0,0.730756558012217
1,0.275287145229613
0,0.680305197136477
0,0.00186711736023426
0,0.0967008678708225
0,0.445562056964263
1,0.156445653002529
1,0.210117056778468
0,0.832900832872838
0,0.626984492642805
0,0.416406751377508
1,0.0635735956644765
0,0.0819471296854317
1,0.00329232978175289
0,0.976050323806703
0,0.240785976871848
0,0.273026157869026
0,0.705699536949396
1,0.0309970398800375
0,0.428136514965445
0,0.644601304316893
1,0.15214753199485
1,0.057479223928505
0,0.299114108784124
0,0.523152998182923
0,0.253789380891249
1,0.195107422281684
0,0.215734615223482
0,0.778653904562816
0,0.808010259177536
0,0.514920481247827
0,0.0735295040067285
0,0.274472190765664
1,0.107919612422588
1,0.249171421408578
0,0.665125841274858
0,0.144185995683074
1,0.0624619822171446
0,0.166269687004387
1,0.148257715110845
1,0.246748922285203
0,0.820646425709128
0,0.824749040417373
0,0.603288769023493
1,0.0716028818476991
0,0.99680079263635
0,0.79083408927545
0,0.447528946679085
1,0.00163532261137345
0,0.815470768837258
0,0.821258137701079
0,0.0494306974578649
0,0.516200665384531
1,0.0762213957544309
0,0.68741856329143
0,0.841728765051812
1,0.0951353023926343
1,0.0794304258688676
0,0.684384715044871
1,0.0210544767569234
1,0.0217754359326595
0,0.00990085024386644
1,0.0520663788020717
0,0.62530846754089
0,0.0233280665706843
0,0.416009087814018
0,0.371377187315375
1,0.0204423439940022
0,0.18170248484239
1,0.0477133171459573
0,0.593987670028582
0,0.895093615632504
0,0.509593855822459
0,0.760775525355712
0,0.358949816320091
0,0.979346742853522
0,0.904130867216736
1,0.138899120439065
0,0.772311859065667
0,0.265981155447662
0,0.0640201105270535
1,0.116970952170574
0,0.503150842851028
1,0.0430928675202837
1,0.152345806576001
1,0.0120604704354766
1,0.0758518819873178
0,0.104786706157029
1,0.0684573982438495
0,0.736800133017823
1,0.00310686011855453
1,0.00142475616449934
0,0.37077427492477
0,0.88614278822206
0,0.0191887402907014
1,0.0343585317309024
0,0.825065045850351
0,0.958333771675825
0,0.939409513492137
1,0.0733081323288568
0,0.128917715977877
0,0.301201385445893
0,0.202887917635962
0,0.0926924881059676
0,0.144660647260025
0,0.222533350810409
0,0.0813032733276486
1,0.0531000762099245
0,0.965952904429287
0,0.763580110389739
1,0.02281305574542
0,0.561058027436957
0,0.253543643979356
0,0.928957456955686
0,0.0435653997119516
0,0.58064448973164
0,0.242641627322882
0,0.0167123039718717
1,0.0257226851120524
0,0.0620225514285266
0,0.141334237530828
1,0.0325212791534023
1,0.0408719284297527
0,0.623987514059991
0,0.818215323146433
1,0.128891012008428
0,0.301663838326931
0,0.232231255387887
0,0.977561450330541
0,0.202630726853386
0,0.817886829841882
1,0.0190382304305894
0,0.0808558419812471
1,0.0939656313167272
1,0.0383897038480055
0,0.540546480566263
0,0.610160208772868
1,0.0747827582248099
1,0.0692108497487571
0,0.247519345488399
0,0.720884705893695
1,0.217809750364698
0,0.386962686199695
1,0.36301066852726
0,0.55307649099268
1,0.0107571563160504
0,0.484920600662008
0,0.279562303796411
0,0.385814771056175
1,0.0370720487947075
0,0.974236916750669
1,0.0946733289499586
1,0.0801517261579173
0,0.76811763853766
0,0.580108099849895
0,0.381501686060801
1,0.131835303019635
0,0.763808015501127
0,0.685017417185009
0,0.0455170408822596
0,0.421369346790016
1,0.0367166263870137
1,0.136002860191584
0,0.672551084542647
1,0.0722816991402721
0,0.536464371252805
1,0.0898311244313021
0,0.473058659816161
0,0.26896323938854
0,0.387513405643404
1,0.199358848244266
0,0.483145545469597
1,0.0312813780245793
0,0.469608270330355
1,0.0203608789041945
1,0.0366964557411308
0,0.294561115559191
1,0.157813418421957
1,0.0942631587969754
0,0.248634982621297
0,0.74641214706935
0,0.78041331935674
0,0.699573176912963
0,0.755197437712923
1,0.0963743663771479
0,0.921017126180232
0,0.971520976629108
1,0.00100417131350572
0,0.554644783725962
0,0.621653214795515
1,0.0284304038819431
1,0.0433201934869707
0,0.161114193033427
0,0.763287597335875
0,0.97034419584088
0,0.49927727971226
0,0.118741703685373
1,0.071963958299999
0,0.357362133217975
0,0.900435683084652
0,0.382961346535012
0,0.772490671370178
0,0.0545407026074827
0,0.710776750231162
0,0.666558885481209
0,0.841729372274131
1,0.249608162409072
0,0.844649696489796
0,0.572831071913242
0,0.693606419255957
1,0.0579661162512953
0,0.591446001315489
1,0.0685373341868113
0,0.121330984868109
0,0.183495909208432
0,0.837250049691647
1,0.0651909495993394
0,0.899742980953306
1,0.0204048311689431
0,0.220744376070797
0,0.70299716363661
1,0.000981505272652782
0,0.119895639130846
0,0.613876753486693
0,0.935810184804723
0,0.206621425226331
0,0.299797834595665
0,0.478854883462191
0,0.274893635883927
1,0.0797041175477877
0,0.555101378122345
0,0.0151614085771143
0,0.629883130546659
0,0.884668730199337
1,0.109583803606382
0,0.961023926269263
0,0.935024051228538
0,0.837083950871602
0,0.752190049272031
0,0.358241730369627
0,0.27319607604295
0,0.930219339672476
0,0.528114390326664
1,0.0106452772809292
1,0.210413283505595
0,0.334145570639521
1,0.115424161185663
0,0.506205380195752
0,0.712911053095013
1,0.223656632456666
0,0.636595247779042
0,0.0637505801860243
1,0.0179166543205757
0,0.289167133858427
1,0.0553316165748848
0,0.650401460938156
1,0.187583535197775
0,0.967885989695787
1,0.190591712269065
0,0.732073418563232
0,0.32539380597882
0,0.943325639003888
1,0.117801832273949
0,0.916420002002269
0,0.526388353900984
1,0.40046410424767
0,0.876674156636
0,0.880286465398967
1,0.0543436125117045
0,0.78694254765287
1,0.157663655120778
0,0.128494184464216
0,0.794675582787022
0,0.293695733882487
1,0.0583368327459511
0,0.243553434731439
0,0.537039526971057
1,0.188752655946929
1,0.0851584374443628
1,0.273645587088064
0,0.106953514041379
0,0.193313752068207
0,0.617676273919642
0,0.623778153443709
0,0.537117114989087
0,0.275481668533757
0,0.0451257354579866
0,0.314088460290805
0,0.357544298749417
0,0.820965526625514
1,0.103488075566432
0,0.119089122395962
0,0.287358266999945
0,0.490090252365917
0,0.362850252306089
0,0.604968760628253
1,0.289559965680618
0,0.268161615589634
1,0.144667331577207
0,0.445961746620014
0,0.275103181134909
0,0.970391503535211
1,0.0244233691726414
1,0.212633501811776
1,0.0963633950717896
0,0.0585745088756084
0,0.999225866515189
0,0.341351903742179
1,0.106414434238452
0,0.45533300912939
1,0.0494838309889815
0,0.725778877735138
1,0.0793102925218047
0,0.919193948153406
0,0.00552885537035763
0,0.866641927044839
1,0.100306336658527
0,0.542484025005251
1,0.00753655771960289
0,0.953190908767283
0,0.546831822488457
0,0.91678284551017
1,0.248378185160001
1,0.0384904201553195
1,0.074543166541455
0,0.322344083106145
0,0.907222567591816
1,0.307442354237513
0,0.597142631420866
1,0.0147219503351391
0,0.491874298080802
0,0.954263450577855
0,0.00342895882204175
0,0.457218630239367
0,0.324997177347541
1,0.0121534624048716
1,0.0280129427179335
0,0.676710619125515
0,0.557666349690408
0,0.203898612875491
0,0.686753117479384
0,0.857878883136436
0,0.331095823319629
0,0.102717000292614
1,0.0849258876423867
0,0.189860201207921
0,0.328556220978498
0,0.37417629477568
1,0.135982078263156
0,0.164688215591013
0,0.235024540452287
0,0.689938989002258
0,0.25672159017995
0,0.956938081653789
0,0.776578328805044
1,0.19867728961495
1,0.0281115240258486
0,0.75216604443267
0,0.53911397815682
0,0.153014390263706
1,0.0358413565074909
1,0.0422535623384145
0,0.900348920607939
0,0.567537433467805
0,0.165264229988679
1,0.114180368218183
0,0.375219561858103
0,0.662949651945382
0,0.0225675827823579
0,0.80518645234406
1,0.00748221323464449
0,0.996923123952001
0,0.0284112447407097
0,0.750986591214314
0,0.087120684562251
0,0.146134292706847
0,0.479884863831103
0,0.0642808759585023
1,0.0200187899377801
1,0.0366135890961858
1,0.019994730492229
0,0.898034473648295
0,0.206480791559443
0,0.838038360932842
1,0.0501328889369683
0,0.510091253556311
1,0.00186772273221036
0,0.916338415117934
1,0.0540353937562165
0,0.0918851911555976
0,0.497105280635878
0,0.437334214570001
0,0.869797260733321
1,0.03989448172856
0,0.822048891801387
0,0.170192234683782
1,0.285420969228585
0,0.313894905615598
0,0.691020434023812
1,0.153867325279483
1,0.0231227480716757
1,0.0607963166967675
0,0.874606157420203
0,0.168462133500725
0,0.976170768495649
0,0.661557895131409
0,0.416743924375623
1,0.18941454806868
0,0.132412035949528
0,0.0617603736463934
1,0.105818687922038
0,0.7738604885526
0,0.0696659274399281
0,0.734268611995503
0,0.96900390391238
1,0.0699260609855349
0,0.103562333853915
0,0.417538873385638
1,0.261673889125826
0,0.60937541583553
0,0.474073389312252
1,0.102730448801834
0,0.438550303457305
0,0.933861481491476
0,0.855414154008031
0,0.679664706112817
0,0.273791351588443
0,0.63104352960363
0,0.74685570737347
0,0.503805796615779
0,0.499326483812183
1,0.0184446066414566
0,0.6470832452178
0,0.491976547520608
1,0.0915409309784911
0,0.649233631324023
0,0.99649644177407
0,0.330974240554497
1,0.0517530257953097
1,0.0628370559611163
0,0.991846909513697
0,0.952530594309792
1,0.0679330511956543
0,0.0932631478644907
0,0.670007736422122
0,0.563281267415732
1,0.210974849162606
1,0.0138653932246463
1,0.188190031576206
0,0.471448604017496
1,0.024437417867702
0,0.950655381660908
1,0.104629411979481
0,0.50420151068829
1,0.0816873982004891
0,0.340961280977353
1,0.0200996329596043
0,0.534552824217826
0,0.440941364504397
1,0.0548010623705865
0,0.21125320205465
0,0.411397390533239
0,0.51377086667344
0,0.757474990095943
0,0.499606187921017
1,0.00430697754241844
0,0.814724032301456
1,0.0514136888827383
1,0.0569016962061618
1,0.0722465504544112
0,0.892507096752524
0,0.125440902775154
0,0.209941636305302
0,0.910788160050288
0,0.333039384335279
1,0.150856326663649
0,0.167993395356461
0,0.560908749233931
0,0.935464970069006
0,0.861896297428757
0,0.597043778980151
0,0.0553193227387965
0,0.74761111009866
0,0.729724149685353
0,0.626422647386789
0,0.274896124610677
0,0.465878686634824
0,0.466296898666769
0,0.112434050533921
0,0.400822008028626
0,0.311016106046736
1,0.205437335977424
0,0.827511513605714
1,0.138934926242921
0,0.612119904020801
0,0.302056357963011
1,0.0907503423582725
0,0.389108248520643
0,0.640858435537666
0,0.502268314128742
0,0.507908381987363
0,0.820354455150664
0,0.602519729407504
0,0.141906986245885
0,0.548277248628438
0,0.634893287438899
0,0.844351034378633
1,0.0237606089135003
0,0.355160324135795
1,0.0593938940292225
1,0.0339138643097934
0,0.854986351914704
0,0.201375308446586
0,0.0152247229125351
0,0.666641824878752
0,0.662318998249248
1,0.137445531047548
0,0.320378290023655
1,0.0370217295751611
0,0.566060711629689
0,0.44696684833616
0,0.826785634970292
0,0.193592505296692
1,0.00925619093230751
0,0.91535369399935
0,0.0558260914403945
0,0.323798961006105
0,0.696312543470412
0,0.437637181254104
0,0.127603027969599
1,0.161047521456908
0,0.595390824833885
0,0.220339421415702
1,0.0228758056958302
0,0.652371561154723
1,0.0791379823812475
0,0.516033587278798
0,0.336871777661145
1,0.0633059914921771
1,0.055825713857152
0,0.635327032068744
0,0.797976571135223
1,0.0598781644091418
0,0.514509469736367
1,0.00631552413401574
0,0.826442410005257
1,0.15826620615916
1,0.00991018743677184
0,0.226750561734661
0,0.791952862404287
0,0.211957602063194
0,0.188689103815705
0,0.992854979820549
0,0.57963992562145
0,0.217601526528597
1,0.163978555227727
0,0.779790484346449
1,0.340785623099288
0,0.138825071975589
0,0.0637300284579396
0,0.457035239087418
0,0.98115217173472
0,0.0836189365945756
1,0.00956690881166181
0,0.713569385232404
0,0.459701886633411
0,0.511806874768808
1,0.0553573751217552
0,0.685193890938535
1,0.0176876662076731
1,0.0645076387035838
0,0.359770525945351
0,0.428586249006912
0,0.636018561664969
0,0.826439788332209
1,0.0498985540273113
0,0.759772074175999
0,0.209483989747241
0,0.118536440655589
1,0.357120125334521
0,0.507885661441833
0,0.664887806866318
1,0.0349735664003759
0,0.844528791960329
0,0.610509542748332
0,0.90864198282361
1,0.153950382800237
0,0.629528787685558
0,0.566682246746495
1,0.0493869877200214
0,0.575323205674067
0,0.643809804227203
0,0.160471041686833
1,0.025184332038817
0,0.567056072410196
0,0.433724417118356
0,0.141121013322845
0,0.804458508966491
0,0.916255478747189
1,0.0470313977060076
0,0.638817590894178
0,0.0816330204252154
0,0.198429497657344
0,0.970011802157387
1,0.115751507211332
0,0.117553487652913
0,0.943083263235167
0,0.513900696532801
0,0.508216822519898
1,0.167801662037727
0,0.450906850397587
0,0.238303969381377
1,0.066256702767241
0,0.0427808265667409
0,0.991103708744049
0,0.684978586388752
1,0.022012186409271
0,0.732746460940689
0,0.453905160306022
0,0.794211426982656
1,0.000620307314161922
0,0.605609513353556
0,0.256844827439636
1,0.00404892426821251
0,0.100899535696954
0,0.638787647243589
0,0.33631270355545
1,0.112738148499655
1,0.329100696612561
0,0.28237499948591
0,0.519036171259359
1,0.00134680633737317
0,0.270952108548954
0,0.728386803297326
1,0.0708511157116239
1,0.0247788633049663
1,0.00966840180458448
1,0.0354216043252094
0,0.706418810645118
0,0.909220578381792
1,0.119494812250111
0,0.537336480803788
0,0.566057653632015
0,0.24500327790156
1,4.78884458476523e-05
1,0.0588404721729723
0,0.319245027145371
0,0.0217316756024957
0,0.305282094748691
1,0.0715525752709878
0,0.9292786733713
1,0.060039411145518
1,0.0884587370376628
0,0.410965058719739
1,0.039979300538447
1,0.0508246728658591
0,0.302904324606061
0,0.289898626506329
1,0.0106862827334701
0,0.381646019406617
0,0.584576921071857
0,0.422763413516805
0,0.748490597354248
0,0.134356183698401
0,0.709556354675442
0,0.988622593693435
1,0.00890758707684306
0,0.282368850661442
1,0.0640535030737461
1,0.208965584259667
0,0.923538827570155
0,0.10817201458849
0,0.803375623421744
1,0.106501074547317
1,0.190098216543555
0,0.101373563054949
0,0.568082579178736
1,0.0161910474000639
1,0.108850801930091
0,0.313932401593775
1,0.0116567082971473
0,0.607916236156598
0,0.093236300162971
0,0.0884811542928219
0,0.642528644064441
0,0.786929884459823
0,0.467765240930021
1,0.00802814666195181
1,0.0256618477846318
0,0.012846615863964
0,0.150616701459512
0,0.107036738656461
1,0.0445928438171295
0,0.740026254905388
0,0.00238110357895494
1,0.0389070004793895
0,0.105332228122279
0,0.612570077879354
0,0.881844316143543
0,0.747519304277375
1,0.108980351932755
0,0.258338015060872
0,0.176070070127025
0,0.406585523625836
1,0.105047930159223
0,0.377177482005209
1,0.0491694056879494
0,0.203524199547246
1,0.0277256845183476
1,0.0235105981020904
0,0.236740272957832
0,0.748421795899048
1,0.0675441876313546
1,0.1241857640449
0,0.634402574039996
0,0.178747668862343
1,0.0790759252446102
0,0.949872601544484
1,0.0876457694627957
0,0.271357942605391
0,0.588047242723405
1,0.0160229686430651
1,0.134028439607344
0,0.432825879892334
0,0.721788319991902
0,0.626960146706551
1,0.0113363521837778
0,0.234177993610501
0,0.735437776427716
0,0.601122009335086
0,0.791494849370793
0,0.0422491943463683
1,0.0129056883547658
1,0.0192462779661539
1,0.00163072715762586
0,0.0901208627037704
1,0.321801113263231
1,0.089613375417822
1,0.0681864202921778
0,0.342496333643794
0,0.113820923725143
0,0.989461138145998
1,0.000834219200358174
1,0.0931414735727443
1,0.0751911023444935
1,0.194389343705009
0,0.0556595588568598
1,0.0425464420083487
0,0.202208582544699
1,0.134112150485367
1,0.0416108629591887
1,0.00378645052020985
0,0.451113428687677
0,0.914472195785493
1,0.0699832213900793
0,0.737329935422167
0,0.970478281378746
0,0.411357433069497
1,0.0311971033496838
0,0.297034235903993
1,0.0783033697110134
1,0.0919985216239327
0,0.263242600485682
0,0.469541136408225
1,0.0654839181534084
1,0.0235835541526109
0,0.823456718120724
0,0.635937188053504
1,0.102229178085357
0,0.988690269179642
0,0.866221260279417
0,0.248694693436846
0,0.0904105349909514
1,0.0907179245181229
0,0.258656600257382
1,0.0309318434081968
0,0.616349322721362
0,0.836232829606161
0,0.468187189428136
0,0.049596605123952
1,0.167056655907206
0,0.800689695170149
0,0.551348384935409
0,0.471239647129551
0,0.412370978854597
0,0.852897719712928
0,0.0966347109060735
1,0.0307449383836171
0,0.194353754166514
1,0.131489166656264
0,0.0454182403627783
1,0.14232324729116
0,0.642775949090719
0,0.421564659569412
1,0.0312608835283079
0,0.299737037159503
0,0.257077286951244
0,0.893538258271292
0,0.565796769689769
0,0.776358026545495
0,0.550924100913107
0,0.990690342150629
0,0.632598391035572
0,0.500961338635534
0,0.394766695098951
0,0.583798331674188
0,0.558881948702037
0,0.100397256435826
0,0.895549184875563
0,0.521898756967857
1,0.00313760854324462
0,0.445849701529369
1,0.142522602845317
1,0.135731680240129
0,0.591689406195655
1,0.0502217380491217
1,0.187460493185896
1,0.0544645323993553
1,0.0289114667910697
0,0.716756901005283
0,0.668356221402064
0,0.476717055076733
0,0.0300271499436349
1,0.0866058450253059
0,0.860724632628262
1,0.0434620555585671
0,0.308864096179605
1,0.151221408713551
1,0.0676159743529929
1,0.170573577674648
0,0.950931456405669
0,0.263418190181255
0,0.145114745246246
1,0.0164088330260451
1,0.0716844831501437
0,0.42786141927354
0,0.752672432456166
1,0.00971583233455326
0,0.128755460260436
0,0.0997589423786849
0,0.625226735137403
0,0.57489894866012
0,0.00835321797057986
1,0.0654148691919765
1,0.157184721991742
0,0.0500390862580389
0,0.74761511082761
1,0.0246638589900932
0,0.296664241934195
0,0.619792022043839
1,0.182152068781325
0,0.52215557708405
0,0.412688894895837
1,0.214605455323929
0,0.491047309478745
0,0.736854804912582
0,0.0614860111381859
1,0.00499321022392362
1,0.0948796184448873
0,0.838418045314029
0,0.754541042260826
1,0.0405631451799572
0,0.801948827924207
1,0.0982996196589939
1,0.00109753277578415
0,0.134822179330513
0,0.342739098006859
1,0.309476120093723
1,0.271387857946997
0,0.255963170900941
0,0.430776010733098
1,0.100297127640729
0,0.588005989789963
0,0.588706504087895
1,0.00314351724820077
0,0.452066479250789
0,0.483009251067415
1,0.140603554817195
0,0.9836468717549
0,0.504349654074758
1,0.203773651334699
0,0.0540839359164238
0,0.653929517604411
0,0.406640846282244
0,0.556194369448349
0,0.0144963688217103
0,0.755398152861744
0,0.247566381469369
0,0.311816442525014
0,0.167629131348804
0,0.359833692200482
0,0.774887565523386
1,0.0334793188970284
0,0.971104023978114
0,0.221632078988478
1,0.0793925751422469
0,0.499325422104448
1,0.0119034642403528
0,0.0369929063599557
0,0.489477444440126
0,0.105376827996224
1,0.0264215310759378
1,0.0988689080013461
0,0.776953993132338
1,0.129740761471988
0,0.0732626426033676
0,0.589532036101446
1,0.188766955226213
0,0.771368180401623
0,0.385500413365662
1,0.295973131439243
1,0.0687057001324007
0,0.918102400610223
0,0.41947414027527
0,0.454377339221537
0,0.102596605429426
0,0.754133615409955
1,0.0810092269651084
0,0.617398365633562
0,0.0282121715135872
0,0.145395588129759
0,0.0830193208530545
0,0.297957185888663
1,0.0246296283491638
1,0.00360967156922498
0,0.388864521868527
1,0.0542087535510156
1,0.123625482729938
0,0.0491674849763513
0,0.651460814289749
1,0.110559522207141
0,0.676226594252512
0,0.205819209106266
1,0.0324336476198833
1,0.0129656121959061
0,0.62328864261508
0,0.0754157323390245
0,0.0791770981159061
0,0.712171125924215
0,0.834548435872421
1,0.120906009682717
0,0.751758780097589
0,0.911814391613007
0,0.420390589628369
0,0.955880841007456
0,0.812948489561677
0,0.394709850661457
0,0.553812691243365
1,0.209517076249891
0,0.63061368628405
0,0.392059904988855
0,0.633988723158836
0,0.975302551407367
0,0.439885774860159
0,0.276089242426679
0,0.673277542926371
0,0.314528906252235
0,0.529475555289537
0,0.721227458212525
0,0.430688201915473
0,0.962150855688378
0,0.970672929659486
0,0.232233878225088
0,0.0110675566829741
0,0.0275476372335106
0,0.661098293494433
0,0.493398587917909
0,0.698356209788471
0,0.619222063804045
1,0.0769975451828943
0,0.789049097569659
0,0.0068812002427876
0,0.437291720416397
0,0.349927120609209
0,0.497345970245078
0,0.0804000168573111
0,0.0244155558757484
0,0.705240718787536
0,0.620499500306323
0,0.805515815271065
0,0.632443930953741
0,0.736725070746616
0,0.651648538885638
0,0.241630595410243
0,0.251784309512004
1,0.225145471438488
1,0.0530612401767901
1,0.0791026675383358
0,0.614659890998155
0,0.600688845152035
0,0.904616327490658
1,0.0261534873691894
0,0.510586515069008
0,0.101121589774266
0,0.566594616742805
0,0.829552897019312
0,0.47893160325475
1,0.1101478807132
1,0.0741715424793527
0,0.625457108952105
1,0.105071049634028
0,0.286937271244824
1,0.200488980199781
0,0.372747655026615
0,0.623090191744268
0,0.139426557347178
0,0.779431307222694
1,0.457091873654476
1,0.00115293657199343
0,0.303239528788254
0,0.841736880829558
0,0.174833071418107
1,0.0146350141983499
1,0.0301440286295232
0,0.350152475060895
1,0.0735794451895982
0,0.118071558652446
0,0.753465374466032
0,0.980792158283293
0,0.641102862078696
0,0.378889831714332
0,0.792149269022048
0,0.944166119676083
1,0.0101055851015517
1,0.00546988991868418
1,0.150278706090197
1,0.0560794557911878
1,0.103880907663185
1,0.0153709975548713
0,0.658276420785114
0,0.411408230662346
0,0.17299108649604
1,0.0727914215495715
0,0.276320410659537
1,0.0340810527833759
0,0.713277442613617
0,0.723707834258676
0,0.24519600556232
1,0.0494134467729364
0,0.244235325837508
1,0.0224847392284683
0,0.112035069614649
0,0.572010546689853
0,0.494380720658228
0,0.459448515437543
1,0.0186672821013668
1,0.0224082160039307
1,0.158475214225973
0,0.326913107885048
0,0.293641107855365
0,0.58145604445599
1,0.0459415527366517
1,0.0539434792969507
0,0.250796867534518
0,0.949400022160262
1,0.0320512669427735
1,0.285874267477964
0,0.532276019454002
0,0.772321549709886
0,0.461936284089461
0,0.477946538245305
1,0.0268424226229665
1,0.160814614285803
1,0.0625162538280971
1,0.13713436039668
0,0.22786614834331
1,0.028889250406801
0,0.999865557998419
0,0.695210239617154
0,0.333751866593957
1,0.0530958819275203
0,0.776194372447208
1,0.0536443698136373
0,0.494503570953384
0,0.107488226145506
0,0.162335175322369
0,0.5207294896245
1,0.00847601095919415
1,0.0916888893549046
0,0.804996796883643
0,0.652845741482452
0,0.276743844617158
0,0.292771876323968
0,0.725595162948593
1,0.0870506724216529
1,0.138440971445221
1,0.265231936965069
0,0.228790514171124
1,0.00469899401413821
0,0.857318290276453
0,0.18783740256913
0,0.0261611980386078
0,0.546792108099908
0,0.975809102645144
0,0.149350542807952
0,0.504198029171675
1,0.0961284745256827
0,0.290380796883255
1,0.0340241955084022
0,0.704147349111736
0,0.0535049592144787
1,0.298402909038515
0,0.20981264160946
0,0.458840437000617
0,0.00917210127227008
0,0.251299725612625
0,0.0682691056281328
0,0.65276332735084
0,0.759969346923754
1,0.139550188816737
0,0.0591308362782001
1,0.130034859234198
0,0.262038376182318
0,0.529281466268003
0,0.519019955536351
0,0.358147404622287
0,0.914160219253972
0,0.854901380604133
0,0.471381600480527
0,0.761401938507333
0,0.946614677319303
0,0.131438835989684
0,0.879518389236182
0,0.375409205676988
0,0.737338445847854
0,0.363565190928057
0,0.368822546442971
0,0.00824237382039428
0,0.522551342379302
1,0.0312590271554984
1,0.0585611616075558
0,0.284168315585703
1,0.00694633335732356
1,0.0120136205367097
0,0.468558822060004
0,0.286413304507732
0,0.949275977676734
0,0.628494319040328
0,0.0770508730784059
1,0.0400256424007201
0,0.235044595552608
1,0.0344719450342885
1,0.00158116774487465
0,0.718113203300163
0,0.650187782943249
0,0.300031473394483
0,0.470637851860374
1,0.0830411720921024
0,0.483074759365991
0,0.371209461940452
0,0.665008303476498
1,0.356288922106205
0,0.0118348251562566
0,0.270670037250966
0,0.841556641971692
1,0.106957834491578
0,0.525089770555496
0,0.96259631193243
0,0.937065793201327
0,0.313990077236667
0,0.24618672975339
1,0.0295227528209383
0,0.755126626929268
0,0.590335736749694
0,0.319246522616595
1,0.0282398274341296
0,0.203266235534102
0,0.103704224340618
0,0.424995577661321
0,0.510875122621655
1,0.158662743700092
0,0.295317846816033
0,0.0376308427657932
0,0.473225927446038
1,0.0668953391592954
1,0.00192329915956511
1,0.0784624357461216
0,0.043559163575992
0,0.351598805282265
0,0.57163060689345
0,0.362282711779699
1,0.00129508362288408
1,0.0528226993409111
0,0.705695968586951
0,0.232946176314726
0,0.674726561410353
0,0.0397715270519257
0,0.4815145409666
0,0.337395562091842
0,0.282893784577027
0,0.702527417801321
0,0.0971229383721948
0,0.447915643919259
0,0.47326067276299
0,0.129934458062053
0,0.684420901117846
0,0.210139331175014
1,0.0863391368366228
1,0.000202986062195432
0,0.942680466454476
1,0.0591442016839361
1,0.0955396993817968
0,0.980351079022512
0,0.365416738204658
0,0.296406203648075
1,0.0239694922008013
0,0.815821414114907
1,0.0793545372123125
0,0.945749578531832
0,0.148714246693999
0,0.0350956276524812
0,0.222504708450288
0,0.0326785475481302
0,0.000333849573507905
1,0.0228862529199566
0,0.905860343249515
1,0.110797417751446
0,0.932200071401894
1,0.0708597860381578
1,0.0610358056343145
0,0.933164664311334
0,0.201396733056754
0,0.366981486789882
0,0.0692965160124004
0,0.623820771463215
0,0.348124937852845
0,0.999799845274538
0,0.805371394148096
0,0.644349043723196
1,0.00811276904020343
0,0.952331007225439
0,0.954660069663078
0,0.0876673229504377
0,0.942843789001927
0,0.90890224929899
0,0.102090057916939
0,0.38707755249925
1,0.113323084478778
0,0.26697344542481
1,0.0797105820563562
0,0.395881715696305
0,0.4250264512375
0,0.362951012561098
1,0.140543251269697
1,0.00425439483093838
0,0.355710715055466
1,0.125950721708721
0,0.656084141228348
0,0.481710482388735
0,0.535448097158223
0,0.585684364428744
1,0.146895126679766
0,0.682016603648663
0,0.682691669091582
0,0.686279114568606
0,0.515879445476457
0,0.815580336842686
0,0.17600669991225
0,0.528878390789032
1,0.0246052521590566
1,0.158031795571119
1,0.0441638766275849
0,0.583194199949503
0,0.352942846249789
1,0.0291061674011008
0,0.898831977974623
0,0.546799371950328
0,0.786023988621309
0,0.307318912586197
0,0.338129705283791
1,0.00308233002845768
0,0.0321663920767605
0,0.211641972884536
0,0.641130847390741
1,0.132401867058909
0,0.216306147165596
0,0.272536192089319
0,0.948184697888792
0,0.0298332071397454
1,0.0899518820395313
0,0.611390822101384
0,0.361555912531912
1,0.252894059060292
1,0.0969653776946106
1,0.0146819264588307
1,0.238829926245132
1,0.000487738600546594
1,0.0152695256810382
0,0.139102547662333
0,0.941748957149684
0,0.530913331545889
0,0.33621709770523
0,0.790725400205702
0,0.274567968444899
0,0.7133051129058
1,0.0700719370752573
0,0.863280020654202
0,0.705213569570333
0,0.842322426615283
0,0.281898622401059
0,0.632474701153114
0,0.75938396085985
0,0.194250572472811
1,0.0244054110952774
0,0.634780215332285
1,0.132805512282321
1,0.0325246210091306
0,0.850622718920931
0,0.918161364737898
1,0.0143709436105075
1,0.106353808161103
0,0.885562976123765
0,0.716937140794471
0,0.106336523313075
1,0.0832695772572103
1,0.0379368492873381
0,0.914083613548428
0,0.489428552798927
0,0.366691754432395
1,0.139935720036276
1,0.105883101115694
0,0.57232055393979
1,0.0642369875083213
0,0.922056403942406
0,0.959449006943032
0,0.24421005952172
1,0.0363435122769282
0,0.0535361133515835
1,0.344521768597753
1,0.0500763647786291
0,0.575078203342855
1,0.304549416582137
1,0.0485326230844639
0,0.744153841398656
0,0.715021206298843
0,0.0243577815126628
0,0.877602781867608
1,0.0267921759459436
0,0.13656832720153
1,0.222078114077621
0,0.479812897043303
0,0.189271181123331
0,0.584061447996646
0,0.728855955880135
1,0.152837069274665
0,0.726745768450201
0,0.205458115553483
0,0.892637610901147
0,0.115335569018498
0,0.0290518135298043
0,0.931342352647334
0,0.644658810226247
0,0.545176762389019
0,0.471903561381623
0,0.831359764561057
1,0.0854657503629504
0,0.727489504264668
0,0.915912549477071
0,0.835148371523246
0,0.743800640804693
1,0.00855033584036887
0,0.486139214597642
1,0.0573544247903593
0,0.258121289778501
1,0.0514534522694797
0,0.0114226075820625
1,0.0647638869013639
1,0.035550558965507
0,0.843482803320512
0,0.451522802002728
0,0.518666724208742
0,0.0392032447271049
1,0.0608042784501258
0,0.137799957068637
0,0.970040240325034
0,0.434215273009613
1,0.0337571305225293
0,0.116548471618444
1,0.0840414955584884
0,0.94347723852843
0,0.308444209396839
0,0.362283076858148
0,0.373457926791161
0,0.996598717523739
0,0.461088064592332
0,0.179322550538927
0,0.145552252884954
0,0.868402539519593
0,0.745122159365565
1,0.0455375442208814
0,0.93048283434473
0,0.737878972198814
0,0.0403604458551854
0,0.257003894541413
0,0.960421027150005
0,0.295745544368401
1,0.0237213128691892
0,0.228036883985624
0,0.752088536741212
0,0.508646355709061
0,0.636331800138578
1,0.0089037382096296
0,0.681796376826242
0,0.221598419593647
1,0.000905890854772255
0,0.825826530344784
0,0.461126896785572
0,0.938600494991988
0,0.237252776278183
0,0.88128164014779
0,0.0724114659242332
0,0.922712235013023
0,0.20627589803189
0,0.860620838124305
1,0.137530922989974
0,0.331304608378559
0,0.0743120410479605
0,0.794196365168318
0,0.731947779189795
0,0.494629855966195
0,0.463083824841306
0,0.857463171007112
1,0.0457438349178835
0,0.31317806080915
0,0.165144012775272
1,0.183488731068508
1,0.0166652671797978
0,0.869886437896639
1,0.0345303598224814
1,0.0607111842448888
1,0.0198415239007898
0,0.49762966693379
1,0.0410969830581914
0,0.52461592736654
0,0.476046655327082
0,0.343492215964943
1,0.163707323628599
1,0.11150496955883
1,0.00359368147182519
1,0.220937791322271
0,0.533025688724592
0,0.554161333478987
1,0.0886321448420031
0,0.484061375726014
1,0.00940871902581459
0,0.537705348571762
0,0.321321001043543
0,0.984498162055388
0,0.428508571349084
1,0.0181601317665216
0,0.614804080687463
1,0.00470055227396642
0,0.673097329447046
1,0.0885140980403427
0,0.964031337294728
0,0.249606773257256
0,0.35954079660587
1,0.0929712357148719
0,0.84250751323998
1,0.0646043017244124
1,0.079324802049614
0,0.841858227737248
0,0.131837238557637
0,0.0772359217517078
0,0.0757181814406067
0,0.773457582341507
0,0.564591330476105
1,0.0469756964132383
0,0.14675219822675
0,0.170193873811513
1,0.183160367497215
0,0.504773719236255
0,0.0594053571112454
0,0.220545273507014
1,0.0598774003995056
0,0.712162148207426
1,0.304316061392359
1,0.110278575592027
0,0.0458554045762867
0,0.587159525137395
0,0.751708762720227
0,0.404482232639566
0,0.485953595722094
1,0.314699349432858
0,0.069496062817052
0,0.760065081994981
0,0.864437017356977
0,0.98969230777584
0,0.608699631178752
0,0.0446482500992715
1,0.194708970319424
0,0.856486527714878
0,0.958874710369855
1,0.0374103488377491
0,0.17282081162557
1,0.0188219362998343
0,0.754649504320696
0,0.819628328317776
0,0.517969334730878
0,0.345414681360126
0,0.33876984519884
0,0.119553906144574
0,0.843003107234836
1,0.126069638251582
0,0.180619274964556
0,0.213709690142423
0,0.188870992977172
0,0.238198708975688
1,0.150022294225089
0,0.211770224384964
0,0.15709082968533
0,0.462545369751751
1,0.212951715696572
1,0.056293441424177
0,0.158561043208465
0,0.491189390420914
1,0.25618067988828
1,0.0302187759993005
0,0.344986188691109
0,0.0128976625856012
0,0.444287697318941
0,0.504337461432442
0,0.0126304607838392
0,0.940265881363302
0,0.260703419335186
0,0.987900926964357
0,0.723008644999936
1,0.210630893214837
0,0.97807687218301
0,0.87825015000999
0,0.869506483897567
1,0.0260088435326655
0,0.0577815270517021
1,0.00170895258445268
0,0.561321059940383
0,0.657305155880749
0,0.606086073676124
0,0.492687265854329
1,0.153292175535494
1,0.0788396649924092
1,0.00543356462034465
1,0.150496283306271
1,0.286619968307042
0,0.00155295920558274
0,0.505091303493828
0,0.317485713167116
0,0.101932238554582
1,0.012670347961579
0,0.0530573560390621
0,0.688420613529161
0,0.636506689246744
0,0.335458367364481
0,0.433215455152094
0,0.163011052412912
0,0.721142381662503
0,0.64582565240562
0,0.594558811280876
0,0.989511267980561
0,0.00422586547210813
0,0.787030272884294
0,0.059574733953923
0,0.5362492070999
1,0.177674856899815
1,0.0392511405610122
0,0.515661919256672
0,0.17267009941861
0,0.0557857586536556
1,0.0342728675585646
0,0.23688250570558
1,0.0134464659692965
0,0.651643512072042
0,0.679657831788063
0,0.386913706082851
1,0.207945929912836
0,0.23982139560394
0,0.30231095966883
0,0.765000711428002
0,0.795213661156595
0,0.0464155543595552
0,0.65680560702458
0,0.740895789582282
0,0.706805638968945
0,0.0550707599613816
1,0.0806738697842024
1,0.00475659857320554
0,0.801803790731356
1,0.111792043707775
0,0.481881047366187
1,0.0130795667142892
1,0.148207589884976
0,0.819206397747621
1,0.0928130006078775
1,0.0733219438789493
1,0.0016572464108332
0,0.558923824457452
0,0.333324277075008
0,0.892613223521039
1,0.140949399506986
0,0.822677673771977
0,0.150035092839971
0,0.61370046553202
1,0.0502805572093246
